﻿<?xml version="1.0" encoding="utf-8"?>
<Simulation project="" description="" copyright="">
	<GlobalVariables>
		<Variable id="var0" fieldName="strFacilityId" fieldValue="" />
		<Variable id="isScormEnabled">
			<text>
				<!-- 
					false to disable scorm version
					true to enable scorm version
				-->
				<![CDATA[false]]>
			</text>
		</Variable>
		<Variable id="navigationType">
			<text>
				<!-- 
					0 for Menu
					1 for Scene Blobs
				-->
				<![CDATA[1]]>
			</text>
		</Variable>
		<Variable id="var2">
			<text>
				<!-- 
					0 for Display Intro Sequence
					1 for Skip Intro Sequence
				-->
				<![CDATA[1]]>
			</text>
		</Variable>
		<Variable id="linearNavigation">
			<text>
				<!-- 
					0 for false
					1 for true
				-->
				<![CDATA[0]]>
			</text>
		</Variable>
		<Variable id="isQuizAvailable">
			<text>
				<!-- 
					0 for false
					1 for true
				-->
				<![CDATA[false]]>
			</text>
		</Variable>
	</GlobalVariables>

	<ExtraObj type="swf" filename="speechBubble.swf" />
	<ExtraObj type="swf" filename="instructionText.swf" />
	<ExtraObj type="swf" filename="mcq.swf" />
	
	<PlayerControl id="logoDetails" visibility="1" >
		<LogoSymbol x="20" y="20" width="90" height="43" visibility="1"></LogoSymbol>
	</PlayerControl>
	<PlayerControl id="courseTitle" text="Global Inventory Management - Module 1" x="128" y="26" width="400" height="default" fontfamily="Verdana" bold="true" fontsize="10" fontcolor="0xFFFFFF" alignment="left" visibility="1" ></PlayerControl>
	<PlayerControl id="menuBtn" x="5" y="2" width="" height="" visibility="0" defaultVisibility="0">
		<text>
			<![CDATA[Menu]]>
		</text>
	</PlayerControl>
	<PlayerControl id="menuScreen" x="0" y="0" width="default" height="default" visibility="1" defaultVisibility="1"></PlayerControl>
	<PlayerControl id="narrationOnOff" x="1000" y="600" width="default" height="default" visibility="0"></PlayerControl>
	<PlayerControl id="instructionText" x="0" y="150" width="default" height="default" visibility="1" defaultVisibility="1"></PlayerControl>
	<PlayerControl id="stageBlocker" x="0" y="118" width="1175" height="550" visibility="1" defaultVisibility="1"></PlayerControl>
	<PlayerControl id="narrationText" x="150" y="512" width="default" height="default" visibility="0" defaultVisibility="0"></PlayerControl>
	<PlayerControl id="speechBubble" x="0" y="0" width="default" height="default" visibility="1" defaultVisibility="1"></PlayerControl>
	<PlayerControl id="fullScreenOnOff" x="1129" y="88" width="default" height="default" visibility="0"></PlayerControl>
	<PlayerControl id="mcq" x="350" y="150" width="default" height="default" visibility="0" defaultVisibility="0"></PlayerControl>
	<PlayerControl id="help" x="940" y="592" width="default" height="default" visibility="0" defaultVisibility="0"></PlayerControl>
	<PlayerControl id="helpFile" x="0" y="0" width="default" height="default" visibility="0" defaultVisibility="0"></PlayerControl>
	<PlayerControl id="volumeControl" x="366" y="667.6" width="default" height="default" visibility="1"></PlayerControl>
	<PlayerControl id="timelineControl" x="422" y="673" width="default" height="default" visibility="1" defaultVisibility="0"></PlayerControl>
	<PlayerControl id="navigationBar" x="247" y="678" width="default" height="default" visibility="1" navigationType="Linear"></PlayerControl>
	<PlayerControl id="audioLading">
		<text>
			<![CDATA[Loading Audios...]]>
		</text>
	</PlayerControl>
	<PlayerControl id="sceneLoading">
		<text>
			<![CDATA[Loading Scene...]]>
		</text>
	</PlayerControl>
	<PlayerControl id="fullScreenModeOn">
		<text>
			<![CDATA[<b>Full screen Mode</b>]]>
		</text>
	</PlayerControl>
	<PlayerControl id="fullScreenModeOff">
		<text>
			<![CDATA[<b>Normal Mode</b>]]>
		</text>
	</PlayerControl>
	<PlayerControl id="narrationOnText">
		<text>
			<![CDATA[<b>Narration ON</b>]]>
		</text>
	</PlayerControl>
	<PlayerControl id="narrationOffText">
		<text>
			<![CDATA[<b>Narration OFF</b>]]>
		</text>
	</PlayerControl>
	<PlayerControl id="volumeController">
		<text>
			<![CDATA[<b>Audio Controller</b>]]>
		</text>
	</PlayerControl>
	<PlayerControl id="helpText">
		<text>
			<![CDATA[<b>Help</b>]]>
		</text>
	</PlayerControl>
	<PlayerControl id="playText">
		<text>
			<![CDATA[<b>Play Screen</b>]]>
		</text>
	</PlayerControl>
	<PlayerControl id="pauseText">
		<text>
			<![CDATA[<b>Pause Screen</b>]]>
		</text>
	</PlayerControl>
	<PlayerControl id="nextSectionText">
		<text>
			<![CDATA[<b>Next Section</b>]]>
		</text>
	</PlayerControl>
	<PlayerControl id="prevSectionText">
		<text>
			<![CDATA[<b>Previous Section</b>]]>
		</text>
	</PlayerControl>
	<PlayerControl id="nextSceneText">
		<text>
			<![CDATA[<b>Next Scene</b>]]>
		</text>
	</PlayerControl>
	<PlayerControl id="prevSceneText">
		<text>
			<![CDATA[<b>Previous Scene</b>]]>
		</text>
	</PlayerControl>
	
	<ProcessData id="process1" pageTitle="Module Introduction" visibility="1">
	
		<SceneData id="scene1" swffilename = 'content/GIM01t01.swf' sceneTitle='Welcome' visibility="1" isTimeLineRequired="true" animStartFrame="2" animEndFrame="179">
			<UnitData id="InstText1" x="926" y="656" width="default" height="default">
				<text>
					<![CDATA[]]>
				</text>
			</UnitData>
			<UnitData id="screenText1">
				<text>
					<![CDATA[]]>
				</text>
			</UnitData>
		</SceneData>
		
		<SceneData id="scene2" swffilename = 'content/GIM01t02.swf' sceneTitle='Navigation Overview' visibility="1" isTimeLineRequired="true" animStartFrame="2" animEndFrame="231">
			<UnitData id="screenText1">
				<text>
					<![CDATA[]]>
				</text>
			</UnitData>
		</SceneData>

		</ProcessData>
		
		<ProcessData id="process2" pageTitle="Getting Started" visibility="1">
		
		<SceneData id="scene1" swffilename = 'content/GIM02t01.swf' sceneTitle='What is GIM?' visibility="1" isTimeLineRequired="true" animStartFrame="2" animEndFrame="2351">
			<UnitData id="InstText1" x="926" y="656" width="default" height="default">
				<text>
					<![CDATA[]]>
				</text>
			</UnitData>
			<UnitData id="screenText1">
				<text>
					<![CDATA[]]>
				</text>
			</UnitData>
		</SceneData>
		
		<SceneData id="scene2" swffilename = 'content/GIM02t02.swf' sceneTitle='Why is GIM Important?' visibility="1" isTimeLineRequired="true" animStartFrame="2" animEndFrame="210">
			<UnitData id="screenText1">
				<text>
					<![CDATA[]]>
				</text>
			</UnitData>
		</SceneData>

		</ProcessData>
</Simulation>
