﻿<mcqlist>
	<module>
		<moduleName><![CDATA[Module 3: Navigation]]></moduleName>
		<!-- q1 -->
		<mcq type="SS" correct="0,1,0" takePath="0" questionimage="" isCompulsory="">
			<question><![CDATA[What are the four menus in GIM?<br><br><i><font color='#0099CC'>Select your answer and click <b>Submit.</b></font></i>]]></question>
			<options>
				<option><![CDATA[Orders, Reports, Stockholding policy and Configuration]]></option>
				<option><![CDATA[Orders, Reports, Item details and Configuration]]></option>
				<option><![CDATA[Orders, Reports, Item details and Forecasting]]></option>
			</options>
			<correctfeedback>Correct Answer</correctfeedback>
			<wrongfeedback>Incorrect! The correct answer is </wrongfeedback>
			<feedimage></feedimage>
		</mcq>
		<!-- q2 -->
		<mcq type="SS" correct="1,0,0" takePath="0" questionimage="" isCompulsory="">
			<question><![CDATA[Where in GIM can you find item information?<br><br><i><font color='#0099CC'>Select your answer and click <b>Submit.</b></font></i>]]></question>
			<options>
				<option><![CDATA[The worksheet]]></option>
				<option><![CDATA[The inventory information sheet]]></option>
				<option><![CDATA[The item information sheet]]></option>
			</options>
			<correctfeedback>Correct Answer</correctfeedback>
			<wrongfeedback>Incorrect! The correct answer is </wrongfeedback>
			<feedimage></feedimage>
		</mcq>
		<!-- q3 -->
		<mcq type="SS" correct="0,0,1" takePath="0" questionimage="" isCompulsory="">
			<question><![CDATA[How can you search information on product line level in GIM?<br><br><i><font color='#0099CC'>Select your answer and click <b>Submit.</b></font></i>]]></question>
			<options>
				<option><![CDATA[By using the field Item group 2]]></option>
				<option><![CDATA[By using the field Item group 3]]></option>
				<option><![CDATA[By using the field Item group 1]]></option>
			</options>
			<correctfeedback>Correct Answer</correctfeedback>
			<wrongfeedback>Incorrect! The correct answer is </wrongfeedback>
			<feedimage></feedimage>
		</mcq>
		<!-- q4 -->
		<mcq type="SS" correct="0,1,0" takePath="0" questionimage="" isCompulsory="">
			<question><![CDATA[How can you export information from GIM?<br><br><i><font color='#0099CC'>Select your answer and click <b>Submit.</b></font></i>]]></question>
			<options>
				<option><![CDATA[By clicking the export button and sending an e-mail to your inbox]]></option>
				<option><![CDATA[By clicking the export button and choosing the format to be exported]]></option>
				<option><![CDATA[By copying the data from the screen and pasting to excel]]></option>
			</options>
			<correctfeedback>Correct Answer</correctfeedback>
			<wrongfeedback>Incorrect! The correct answer is </wrongfeedback>
			<feedimage></feedimage>
		</mcq>
	</module>
	<module>
	<moduleName><![CDATA[Module 4: Stockholding Policy]]></moduleName>
		<!-- q5 -->
		<mcq type="MS" correct="1,0,1" takePath="0" questionimage="" isCompulsory="">
			<question><![CDATA[Why do we need inventory?<br><br><i><font color='#0099CC'>Select all that apply and click <b>Submit.</b></font></i>]]></question>
			<options>
				<option><![CDATA[To fulfill a customer’s demand at the requested time]]></option>
				<option><![CDATA[Just in case we might need it]]></option>
				<option><![CDATA[To get efficiencies from economy of scale in other areas]]></option>
			</options>
			<correctfeedback>Correct Answer</correctfeedback>
			<wrongfeedback>Incorrect! The correct answer is </wrongfeedback>
			<feedimage></feedimage>
		</mcq>
		<!-- q6 -->
		<mcq type="MS" correct="1,1,0" takePath="0" questionimage="" isCompulsory="">
			<question><![CDATA[Why is a stockholding policy needed?<br><br><i><font color='#0099CC'>Select all that apply and click <b>Submit.</b></font></i>]]></question>
			<options>
				<option><![CDATA[To help find a balance between service and costs]]></option>
				<option><![CDATA[It helps define what parts should be stocked]]></option>
				<option><![CDATA[To increase the inventory]]></option>
			</options>
			<correctfeedback>Correct Answer</correctfeedback>
			<wrongfeedback>Incorrect! The correct answer is </wrongfeedback>
			<feedimage></feedimage>
		</mcq>
		<!-- q7 -->
		<mcq type="SS" correct="1,0,0" takePath="0" questionimage="" isCompulsory="">
			<question><![CDATA[What are the effects of too high inventory?<br><br><i><font color='#0099CC'>Select your answer and click <b>Submit.</b></font></i>]]></question>
			<options>
				<option><![CDATA[High costs & risk of Obsolescence]]></option>
				<option><![CDATA[Healthy stock]]></option>
				<option><![CDATA[A good balance between cost and service]]></option>
			</options>
			<correctfeedback>Correct Answer</correctfeedback>
			<wrongfeedback>Incorrect! The correct answer is </wrongfeedback>
			<feedimage></feedimage>
		</mcq>
		<!-- q8 -->
		<mcq type="SS" correct="0,0,1" takePath="0" questionimage="" isCompulsory="">
			<question><![CDATA[What are the effects of too low inventory?<br><br><i><font color='#0099CC'>Select your answer and click <b>Submit.</b></font></i>]]></question>
			<options>
				<option><![CDATA[Happy customers]]></option>
				<option><![CDATA[Healthy stock]]></option>
				<option><![CDATA[High expedite transport & administration costs]]></option>
			</options>
			<correctfeedback>Correct Answer</correctfeedback>
			<wrongfeedback>Incorrect! The correct answer is </wrongfeedback>
			<feedimage></feedimage>
		</mcq>
		<!-- q9 -->
		<mcq type="MS" correct="1,1,0" takePath="0" questionimage="" isCompulsory="">
			<question><![CDATA[Why is the stockholding policy using order lines instead of order quantity when deciding if an item should be stocked?<br><br><i><font color='#0099CC'>Select all that apply and click <b>Submit.</b></font></i>]]></question>
			<options>
				<option><![CDATA[To avoid stocking parts based on one time events]]></option>
				<option><![CDATA[A reliable sales pattern is likely to be repeated again]]></option>
				<option><![CDATA[To reduce healthy stock]]></option>
			</options>
			<correctfeedback>Correct Answer</correctfeedback>
			<wrongfeedback>Incorrect! The correct answer is </wrongfeedback>
			<feedimage></feedimage>
		</mcq>
		<!-- q10 -->
		<mcq type="SS" correct="1,0,0" takePath="0" questionimage="" isCompulsory="">
			<question><![CDATA[What does VAU mean?<br><br><i><font color='#0099CC'>Select your answer and click <b>Submit.</b></font></i>]]></question>
			<options>
				<option><![CDATA[Value of Annual Usage]]></option>
				<option><![CDATA[Very Accurate Usage]]></option>
				<option><![CDATA[Volume of Annual Usage]]></option>
			</options>
			<correctfeedback>Correct Answer</correctfeedback>
			<wrongfeedback>Incorrect! The correct answer is </wrongfeedback>
			<feedimage></feedimage>
		</mcq>
		<!-- q11 -->
		<mcq type="SS" correct="1,0,0" takePath="0" questionimage="" isCompulsory="">
			<question><![CDATA[How is the VAU calculated?<br><br><i><font color='#0099CC'>Select your answer and click <b>Submit.</b></font></i>]]></question>
			<options>
				<option><![CDATA[Estimate of Demand x number of forecasting periods per year x Unit cost of item]]></option>
				<option><![CDATA[Unit cost of an item x Estimate of Demand]]></option>
				<option><![CDATA[Unit cost of an item x an items number of order lines in a year]]></option>
			</options>
			<correctfeedback>Correct Answer</correctfeedback>
			<wrongfeedback>Incorrect! The correct answer is </wrongfeedback>
			<feedimage></feedimage>
		</mcq>
		<!-- q12 -->
		<mcq type="SS" correct="0,0,1" takePath="0" questionimage="" isCompulsory="">
			<question><![CDATA[What is the total sum of picks?<br><br><i><font color='#0099CC'>Select your answer and click <b>Submit.</b></font></i>]]></question>
			<options>
				<option><![CDATA[The sum of all picks in one month]]></option>
				<option><![CDATA[The sum of all picks since the Go-Live of GIM]]></option>
				<option><![CDATA[The total sum of picks over the last 12 plus current months]]></option>
			</options>
			<correctfeedback>Correct Answer</correctfeedback>
			<wrongfeedback>Incorrect! The correct answer is </wrongfeedback>
			<feedimage></feedimage>
		</mcq>
		<!-- q13 -->
		<mcq type="SS" correct="1,0,0" takePath="0" questionimage="" isCompulsory="">
			<question><![CDATA[How can you see in the stockholding policy, which items are stocked?<br><br><i><font color='#0099CC'>Select your answer and click <b>Submit.</b></font></i>]]></question>
			<options>
				<option><![CDATA[The stocked parts belongs to the cells, which is checked in the stockholding policy]]></option>
				<option><![CDATA[The stocked parts belongs to the cells, which is not checked in the stockholding policy]]></option>
				<option><![CDATA[It is impossible to see in the stockholding policy]]></option>
			</options>
			<correctfeedback>Correct Answer</correctfeedback>
			<wrongfeedback>Incorrect! The correct answer is </wrongfeedback>
			<feedimage></feedimage>
		</mcq>
		<!-- q14 -->
		<mcq type="MS" correct="0,1,1" takePath="0" questionimage="14.swf" isCompulsory="">
			<question><![CDATA[Which of the following combinations are considered as stocked according to the below matrix?<br><br><i><font color='#0099CC'>Select all that apply and click <b>Submit.</b></font></i>]]></question>
			<options>
				<option><![CDATA[VAU = B1 Picks class = P3]]></option>
				<option><![CDATA[VAU = A3 Picks class = P7]]></option>
				<option><![CDATA[VAU = C2 Picks class = P2]]></option>
			</options>
			<correctfeedback>Correct Answer</correctfeedback>
			<wrongfeedback>Incorrect! The correct answer is </wrongfeedback>
			<feedimage></feedimage>
		</mcq>
		<!-- q15 -->
		<mcq type="SS" correct="0,1,0" takePath="0" questionimage="14.swf" isCompulsory="">
			<question><![CDATA[A product has during the last 12 months had 27 picks (order lines), which picks class will it fall into?<br><br><i><font color='#0099CC'>Select your answer and click <b>Submit.</b></font></i>]]></question>
			<options>
				<option><![CDATA[Picks class 8]]></option>
				<option><![CDATA[Picks class 6]]></option>
				<option><![CDATA[Picks class 7]]></option>
			</options>
			<correctfeedback>Correct Answer</correctfeedback>
			<wrongfeedback>Incorrect! The correct answer is </wrongfeedback>
			<feedimage></feedimage>
		</mcq>
		<!-- q16 -->
		<mcq type="SS" correct="1,0,0,0" takePath="0" questionimage="" isCompulsory="">
			<question><![CDATA[Calculate the VAU according the data, EoD = 153 pieces/month & Unit cost = $1,350<br><br><i><font color='#0099CC'>Select your answer and click <b>Submit.</b></font></i>]]></question>
			<options>
				<option><![CDATA[VAU = $ 2,478,600]]></option>
				<option><![CDATA[VAU = $ 2,478,400]]></option>
				<option><![CDATA[VAU = $ 2,478,200]]></option>
				<option><![CDATA[VAU = $ 2,479,600]]></option>
			</options>
			<correctfeedback>Correct Answer</correctfeedback>
			<wrongfeedback>Incorrect! The correct answer is </wrongfeedback>
			<feedimage></feedimage>
		</mcq>
	</module>
	<module>
	<moduleName><![CDATA[Module 5: Forecasting & Replenishment]]></moduleName>
		<!-- q17 -->
		<mcq type="MS" correct="1,1,0" takePath="0" questionimage="" isCompulsory="">
			<question><![CDATA[Which of the following inventory parameter(s) is/are calculated by GIM?<br><br><i><font color='#0099CC'>Select all that apply and click <b>Submit.</b></font></i>]]></question>
			<options>
				<option><![CDATA[Buffer stock]]></option>
				<option><![CDATA[Optimum order quantity]]></option>
				<option><![CDATA[Stock level]]></option>
			</options>
			<correctfeedback>Correct Answer</correctfeedback>
			<wrongfeedback>Incorrect! The correct answer is </wrongfeedback>
			<feedimage></feedimage>
		</mcq>
		<!-- q18 -->
		<mcq type="SS" correct="0,1" takePath="0" questionimage="" isCompulsory="">
			<question><![CDATA[How does the VAU classes effect the Optimum Order Quantity?<br><br><i><font color='#0099CC'>Select your answer and click <b>Submit.</b></font></i>]]></question>
			<options>
				<option><![CDATA[They don’t effect the Optimum Order Quantity.]]></option>
				<option><![CDATA[Each VAU class has a defined number of refill orders per year.]]></option>
			</options>
			<correctfeedback>Correct Answer</correctfeedback>
			<wrongfeedback>Incorrect! The correct answer is </wrongfeedback>
			<feedimage></feedimage>
		</mcq>	
		<!-- q19 -->
		<mcq type="SS" correct="1,0,0" takePath="0" questionimage="" isCompulsory="">
			<question><![CDATA[How is the OOQ calculated?<br><br><i><font color='#0099CC'>Select your answer and click <b>Submit.</b></font></i>]]></question>
			<options>
				<option><![CDATA[The forecasted demand for a year divided by the number of refill orders per year.]]></option>
				<option><![CDATA[The forecasted demand for a year plus the number of refill orders per year.]]></option>
				<option><![CDATA[The forecasted demand for a year multiplied by the number of refill orders per year.]]></option>
			</options>
			<correctfeedback>Correct Answer</correctfeedback>
			<wrongfeedback>Incorrect! The correct answer is </wrongfeedback>
			<feedimage></feedimage>
		</mcq>
		<!-- q20 -->
		<mcq type="SS" correct="0,0,1" takePath="0" questionimage="" isCompulsory="">
			<question><![CDATA[Which three parameters are considered when calculating buffer stocks in GIM?<br><br><i><font color='#0099CC'>Select your answer and click <b>Submit.</b></font></i>]]></question>
			<options>
				<option><![CDATA[Service level, stock level, lead time]]></option>
				<option><![CDATA[Stock level, standard deviation in demand, lead time]]></option>
				<option><![CDATA[Service level, standard deviation in demand, lead time]]></option>
			</options>
			<correctfeedback>Correct Answer</correctfeedback>
			<wrongfeedback>Incorrect! The correct answer is </wrongfeedback>
			<feedimage></feedimage>
		</mcq>
		<!-- q21 -->
		<mcq type="SS" correct="0,1,0" takePath="0" questionimage="" isCompulsory="">
			<question><![CDATA[How is the order level calculated?<br><br><i><font color='#0099CC'>Select your answer and click <b>Submit.</b></font></i>]]></question>
			<options>
				<option><![CDATA[Order Level = Buffer Stock + OOQ]]></option>
				<option><![CDATA[Order Level = Buffer Stock + consumption during lead time]]></option>
				<option><![CDATA[Order Level = standard deviation in demand + Consumption during lead time]]></option>
			</options>
			<correctfeedback>Correct Answer</correctfeedback>
			<wrongfeedback>Incorrect! The correct answer is </wrongfeedback>
			<feedimage></feedimage>
		</mcq>
		<!-- q22 -->
		<mcq type="SS" correct="0,1,0" takePath="0" questionimage="" isCompulsory="">
			<question><![CDATA[If the buffer stock is 10 pieces, the lead time is one month and the consumption per month is 20 pieces. What will the order level be?<br><br><i><font color='#0099CC'>Select your answer and click <b>Submit.</b></font></i>]]></question>
			<options>
				<option><![CDATA[20 pieces]]></option>
				<option><![CDATA[30 pieces]]></option>
				<option><![CDATA[More information is needed to calculate the order level]]></option>
			</options>
			<correctfeedback>Correct Answer</correctfeedback>
			<wrongfeedback>Incorrect! The correct answer is </wrongfeedback>
			<feedimage></feedimage>
		</mcq>
		<!-- q24 -->
		<mcq type="SS" correct="0,0,1" takePath="0" questionimage="" isCompulsory="">
			<question><![CDATA[Which three are demand types in GIM?<br><br><i><font color='#0099CC'>Select your answer and click <b>Submit.</b></font></i>]]></question>
			<options>
				<option><![CDATA[Slow, Lumpy and Speedy]]></option>
				<option><![CDATA[Slow, Erratic, and Jumpy]]></option>
				<option><![CDATA[Slow, New and Fast]]></option>
			</options>
			<correctfeedback>Correct Answer</correctfeedback>
			<wrongfeedback>Incorrect! The correct answer is </wrongfeedback>
			<feedimage></feedimage>
		</mcq>		
	</module>
   </mcqlist>