﻿<?xml version="1.0" encoding="utf-8"?><bwFonts xmlns:xsi="http://www.w3.org/2001/XMLSchema-instance" xmlns:xsd="http://www.w3.org/2001/XMLSchema" fontfactoryurl="story_content/FontFactory.swf"><font id="00" name="ArialBold Charset1 5tCYEJjoyqZ"><glyphs><g i="0" c="880" p="%^jA$v4w5eNz5etCoqKF5e1K5e9NBqWP5ezT5edP$vmL$vPHCigE$v" /><g i="1" c="881" p="#^$wkp$wDnQx1mGyqkdABjMBLiGDLiCGLiuIFknKzmnKupnKqstImuAGiwHDiwVBiwhAuvGyGuQx7t$wzr$wkp^wAvpwArrqBtslCvtGDvt0FvtWFtsRGrrRGupRGBnWFAm0FylGDyllCylqBAmwABnwAvp" /><g i="2" c="882" p="#^jG$v%jG2uBF5vrEIviDiw0CiwIAiwGzJvEy8vay6uJx3tJxer%Jx1j%9B1j%9B_o9BJrlBksxBXs0CjtwCGthDGt9EGtREbtyFIsOF_r3Ggr3Guo%3G1j%vJ1j%vJ$v" /><g i="3" c="883" p="%^Ox$vOx5eeB5eeB$v" /><g i="4" c="886" p="#^GJ$v%uG$v%uG5uHFcvCELvxDiwrCiwcAiwCyvu1xHs1xtp1xamzytk6ALiuCLiEELieGyk%eG5e%GJ5e^yAepyAjr5BfsXBBtqDBtBEBtqFBsfGArfGzpfGknrFmmEEnlnDnlaCnlmBlmyAjnyAep" /><g i="5" c="887" p="#" /><g i="6" c="888" p="#^aw1j%Qz1j%VCes%YF1j%vJ1j%WEwv%6EMxFDVyeDvzQC5AiCtAMBRA_A2BdAgBfzgBfygBjx2B%$wmyOxxysyxyEzxydAPxOA6x5B1w" /><g i="7" c="889" p="%^OxghOx5eeB5eeBgh^Ox$vOx1jeB1jeB$v" /><g i="8" c="895" p="%^Gx$vGx5e6B5e6BBn7F1jlJ1jVEMnFJ$vXF$vHC9q6BRr6B$v" /><g i="9" c="896" p="#^iFTr%JIss2IkuDGjvcFiw4DiwHziw4y4uOwjsOwCpOwomtyAk9ALiKCLiDFLiiHFkZIzmVIwq%jAwqlA1s7BUsWBKt6DKtVDKtsEit0FRsiFTr^vFqosFWmJE9m_DnlXCnlPBnl5BbmmA$mmAqo" /><g i="10" c="897" p="#^KD1j%KDMl%oBMl%oB_qoBAssBRswB6tLBht$BstlCstPCstJD6t%0ENvPCiwiBiwnAiwDz_vUyGvxyavbyGu3yQtYxetYxqr%YxMl%nwMl%nw1j%Yx1j%Yxsg%oBre%oB1j" /><g i="11" c="898" p="#^4B$v%Ex$v%Ex1j%QA1j%QASkEBzjiC9jYCLiNDLiYELi2Goj%ZEnm6EQlnDQlECQl8CdmEBCmmBFn4BHo4B_r" /><g i="12" c="899" p="#^Bwjs%1ANrfAMsWAitBBPtOCPt7EPtPEjtgFZsgFpsgF0s0FLrLEwrSDjrIzoqByEp3xBo3xJm3x1loyUjJzLiwCLiaFLitGDjMHukgIbm%1FNmPE0meEDlFDdlACdldBdlEABlfASlfAhmfAFmAAVm2BfnNDTnxGuoDHopIIjqIIXrIIJtcH0vJFiwOCiw9AiwCydv3x8uBwjs" /><g i="13" c="907" p="#^xx1j%HA1j%HAOknCLiKELi_FLiUGgjPHMjpIPkfJMjeKgjeLLimMLiONLiNOkjNPVjgQ1lDQSlDQIn%DQ$v%bN$v%bNBobNFmQM5mlMnlmLnlEKnl$JPlmJfm4J5nPIXnPIMp%PI$v%nF$v%nFUonF$mbFsm$EVlCEEleEnlADnlNCnl8COlwBdmeB1nZAQnZAIp%ZA$v%xx$v" /><g i="14" c="909" p="%^cA$v6w1jrz1jRBwr5E1jpH1jzJwr2M1jrP1jgL$vZH$vJFFnxD$v" /><g i="15" c="930" p="#^cB5e%cBHkSCLi9FLilGLiiHbjfIDjKIjkdJ_koJPlAJEmAJoo%AJ$v%8G$v%8G9p8G6nXFzmLF0mfFIlLEnl0Enl9DnluCOlPBcmvB2ncBTncBvp%cB$v%Mx$v%Mx5e" /><g i="16" c="975" p="#^iw1j%cy1j%cy2icypgyyCfUyOeQzieMAOdbCOdFDOd3Fee%BEBgNDqg0DqghCqgYBMgEB6hEB6i%EB1j%cE1j%cEKl%EBKl%EB$v%cy$v%cyKl%iwKl" /><g i="17" c="1300" p="#^9Fnr%2Cnr1CIq1Cyq1C1pxC3o1D5nxETl1GEkkGgkNGGjNGYiNGYhZFfhaFygQDygwCygEBihMA1irAzj%hxajpxZg7zsfSAWdGDWdDGWdnItf7K$g7K2j7KbktJclQIcmKGYnFFSooFpp7FYp9Fnr^2C$v%2Czs%9Fzs%9F$v" /><g i="18" c="1301" p="%^wC$vwCsoXv5ebA5eqEalyI5eHM5e7Guo7G$v" /><g i="19" c="1302" p="#^5JTm%JFunyFtmXEZlkEslmDsl4CsljBlmyAdnyAhpyABrjBys5CvtpDvtnEvt$EXsDFnsUF1r%gJCrKIWteH6vLFiwfDiwpAiwJyvu1xIs1xxp1xjmJyxkqALijDLiHFLi4HMjtINk5JTm" /><g i="20" c="1303" p="#^Ix1j%VA1j%VAWkwBYjACmjEDLiXELibHLiMIwklKhmlKrplKHsLIvuaHiwVEiwRDiwZCTv5Crv8Bou%8BXA%IxXA^5Bip5BurYBxsQCAt3EAtgFAt3GDsSGFrSGtpSGqn1GrmdFsl$DslLCslWBqm5Bon5Bip" /><g i="21" c="1304" p="#^fGXA%fGpuAFhvAEOvADiwqCiwcAiwNyDu6xHs6xnp6xfmHyvkgALiCCLiVDLiREijOFQjxGXk%xG1j%HJ1j%HJXA^mGmpmGnnyFpmKErlwDrlhCrlsBqmDApnDAzpDAHrqBEsdCBtpDBtAEBttFxsmGtrmGmp" /><g i="22" c="1305" p="#^AJ$v%8G$v%8Gnp8GhnVFGmHF2mbFJlIEnl0Enl7DnlqCSlJBlmsB9ncBYncB7q%cB$v%Mx$v%Mx1j%YA1j%YAWkECLidFLilGLihH9jeIzjIIckbJQknJElAJrmAJXn" /><g i="23" c="1310" p="#^Ex$v%Ex5e%4B5e%4BykFCLiQELibHLiKItkiKamiKnpiKIsIIvu7HiwTEiwMDiwGCKvBBavQA5u%QA$v^2Bep2BfrGBdszCBt2EBtaFBtZFDsNGErNGzpNGknZFmm9FnlVDnlGCnlSBkm2Bhn2Bep" /><g i="24" c="1311" p="#^txRw%oBjxuB$xQBgykCEynDEyJEEyoFeyRFZx3GmxeGXweGOv%eGUtIE$vmC$vLz$vdyNt1x2s1xrp1xbmBytk9ALivCLiUELitGSk%tG1j%GJ1j%GJFuGJYwhJ5yVIezdITzxHxAoGUAfFgBvDgBcAgBQy7Asx_ysxfxsx4xtxRw^yAfpyAjrkBhs7CethDetyEetpFfshGgrhGkphGjnsFlmDEnlmDnl7CnlkBkmyAhnyAfp" /><g i="25" c="1312" p="%^Nx$vNxzsdBzsdB$v" /><g i="26" c="1313" p="%^Qx$vQx5e4L5e4L7hrB7hrB5lpK5lpK7orB7orBZsqLZsqL$v" /><g i="27" c="1314" p="#^mA$m%fxrmMxyk2zFjkALiSCLi9FLihGhjpHPjSHFkkIvlkIKn%hIKrhIrtrIfuCI3v3J$v%GF$vxFFvkF_ufFGudFAukErvkDTvkCiwbBiwbziw1ycvUw6uUwssUwmrpxvqXxEpTybpQzJoCBno0EXnYEyn%YEcnYEcmsEOlZDnlCCnlIBnlbBKlGA5mmA$m^YENphE$pSCjqrBCq_AUqkAnrkA5skAPsSAltoBTtdCTt9DTt$DgtCEOsPE7sYEHrYEsq" /><g i="28" c="1315" p="%^rytmry1jTB1jTBtm^ry$vryzsTBzsTB$v" /><g i="29" c="1316" p="#^Vwaq%qAQpKABrIBrsGCgtkEgt3GgtYGxsRHNrRHNqRH9qtHJp5Hgp9GXoxFIogD9omAqnbznmyxVkyxNiyxphjydg5z1fyAqe$BOd3EOdrHOd8JhfRKLgXKdj%kHnj5H_hkGohzFNg1ENgsCNgzBqh$ARh$Axi$AajxBDjdCckREQkuHrlLI6m0KMmKKWnsL4psLNqsLjsBKFtKJ$uaIFvCGjwhEjwUAjw3zLufxatVwaq" /><g i="30" c="1317" p="#^Qx5e%ZE5e5H5e8IgebJre$J$eQKzfnLvgXLrhXLBiXLSjfLVkAKYlqJum3LYmXL6oPMfpPMOqPM1seMbtGLkuHK1vIJJvgITvmHZvVD$v%Qx$v^rB4h%rBdl%ODdlVFdlqG9lmH2lUHwkqI_jqI6jqIhiYHMhvHehBG7h3G4hvD4h^rBco%rBZs%NEZsKGZsgHSs4IIsAI8s5JAr5JDq5JQpHIgpiIIozHsoQGcomEco" /><g i="31" c="1318" p="%^SB$vSB7hyw7hyw5eMK5eMK7htF7htF$v" /><g i="32" c="1319" p="%^7w$vPAjplw1jxA1jPCBmeF1jfJ1jSEapFJ$vrF$vPCZr9A$v" /><g i="33" c="1320" p="%^Nx$vNx5ebD5epGiqCJ5e2P5e2P$vIL$vHLUh8I$vFE$v7BUh7B$v" /><g i="34" c="1321" p="#^Qx$v%Qx5e%CD5eVG5eVHmesJMeuK6gxLshxLBjxLflWKnmkKvnoJ8otINoxH_oeGfpNDfp%rBfp%rB$v^rB7h%rBdm%pDdmyFdmgGXl_GEloH2lPHskPHFjPHGieH2iFGphNFeh7F7haD7h" /><g i="35" c="1322" p="#^5x9n5xqkVxziwychzz6gDA0fUBvezDOdKFOdIJOd4MfgsOIisO4nsOpr5MStKJjwOFjwOBjwrzTt5xrr5x9n^PA1nPA4qdCFrDDdtNFdtYHdtlJFrKK5qKK_mKKVjnJpi0IUgNFUgyDUgaCqiPAYjPA1n" /></glyphs></font><font id="10" name="Arial Charset1 6LzRoIP74Y3"><glyphs><g i="0" c="880" p="#^ZC$v%ZCpo%4w5e%Yy5e%tCvjtD$kiEwm5F6lfGmj%JJ5e%uM5e%lFpo%lF$v" /><g i="1" c="881" p="#^xGPr%OI6sfI5uOGcvlFiw5DiwfAiwAyyuWwNsWwDpWwlmByykhAKiZCKiAFKidHvkTIgmTIupTIGpSI4q%bz4qizcsoAltuBuu6DuujEuuaFRt1GctxGPr^jzgo%zGgopGDmJFPlFEyk$CykuByksAzlqzzmjzgo" /><g i="2" c="882" p="#^Mw7s%XyNr6z4tXzNtNAuuiCuuPDuuyETthFfthFqshFGrDEfraEYqnCvqYzUp0zsp4y$oBxdo7xqn7xtm7xBlwxSkVx7kByDj6zfj$z$iUAKiVBKirDKiBEajLFCjiGmkRG6l3Hnm%VEGmLEFl2E6llDyk3CykyAykUz2lfzylfzcmfzEmwz_mNzknmAznHAHniC7oEELozF9puGyp0HjqyH3ryHbsyHhtUGfufGdv1FMvQDiwjCiwNziwsyfv7xbuMw7s" /><g i="3" c="883" p="%^Vx$vVx5ekA5eKJ8sKJ5e$L5e$L$vzJ$vaAXhaA$v" /><g i="4" c="886" p="#^QwwpQwVlQyakvAKiVCKiAFKihHuk_Iem_Ikp_IQrdIgttHIu1GvvCEiwVCiwbAiwvyyuQwOsQwwp^5zvp5z$raAftfBuuVCuuyEuuDFetJG_rJGqpJG0nDFNlxEykVCykfBykaANl5z0n5zvp" /><g i="5" c="887" p="#^cxgncxPiBzig_BNdMFNdfINdeKZeeM8ghNgikOnkkO3nkONpdNXr7M4u6Kbv5IiwMFiweDiweB4vfzRtdyKrcxDpcxgn^EzinEzxqnBps7DguLFguqIgu9KosULvqUL2nULSk8LejpKBh_IIgzHPfNFPfgDPfsByhEzgjEzin" /><g i="6" c="888" p="%^Qx$vQx5ecA5ecAZm4J5eiM5eNEllDM$vvJ$v7DYmcAOpcA$v" /><g i="7" c="889" p="#^8xfq%nz2qxzor6AfsHA6tUBFt6DbuEEbu_Fbu0HNt3IntzIGs4JZr4J7r4JiqBIGp6I1p_GCogGkoODKnkB8nlACm3zXlryYkPxYjPxJiPxmhAybglz$ePAoeiCNd5ENd5GNdCHqe7J2fXJigMKyhQK7j%zIijnIBhjHKggGTfcETf2CTf3BFg5Arh5Azi5AwjNA8ktBMklEqleH4mjIzmSJhnCKoomLvpmLXqmLmsxKDtJJUubIBvFGiwLEiwkCiwHABv2zTu6ystbx1s8xfq" /><g i="8" c="895" p="#^6Gfr%gIyrVHMtrG1v_EiwTCiwcAiwByzu_wPs_wzp_wsnGxTlnyikNzwjcBKiTCKi$EKikGOjGHSk3IRm%WFanCFSlQEcl3EykZCykjBykhAKlfzWmfzvpfz6seAiteBuuRCuu8Euu$EHtTFUs6Gfr" /><g i="9" c="896" p="#^Ex$v%Ex5e%Rz5e%RzvknBKiJDKi9FKidGijhHSjKHSkcISlcIMn%cI$v%$F$v%$FMn$F7mhFnlzEDkgDDkhCDkqB7lzADlcAvmRzmnRzUo%Rz$v" /><g i="10" c="897" p="#^Ex$v%Ex1j%Dz1j%DzSk2BKiLDKiWEKiVF9jUGzjnHfkSHXk3ITlbIumbI$n%bI$v%_F$v%_F6o_FMmJF5mtFqlPE1l9EEkhDEkTBEkSAxlRzqmRzVo%Rz$v" /><g i="11" c="898" p="%^FxDgFx5eSz5eSzDg^Fx$vFx1jSz1jSz$v" /><g i="12" c="899" p="#^4G$v%4GmuQEiwrCiwUAiwAzrvhyAuzx2tSwwrSwwpSwAnvx$l8ypkrzAjKAKikCKivDKipEejkFJjVFvk%VF5e%6I5e%6I$v^7zwp7z$raAftdBuuECuu5Euu5Fjt6G7s6GIp6G1n4FOl2EykyCyk4Byk5ALl7zXm7zwp" /><g i="13" c="907" p="#^Dx$v%Dx1j%Cz1j%Cz_kmACj$AajEBKipCKiwDKiGErj%UDtl5D$kiC$kAB$k$ArlrASlbADmQzOnQzcp%Qz$v" /><g i="14" c="909" p="#" /><g i="15" c="930" p="%^_x$v_x5eVK5eVKcgmAcgmAHleKHleKOnmAOnmAUtkLUtkL$v" /><g i="16" c="975" p="%^Bx$vBx5eOz5eOz$v" /><g i="17" c="1300" p="#^sC1u%MCZvQBaw5BawUzawezOvAypvjyOu2yau2ybs%2yKk%qwKk%qw1j%2y1j%2yPf%fAve%fA1j%sC1j%sCKk%fAKk%fAjsfAgtmAxttAOtKAZt$A7uuB7uRB7usC1u" /><g i="18" c="1301" p="#^ex4x%nzoxwzny7AQyXAszmCszTDszIEQyxFdyQF7x$Frw_FiuyE$vpC$vKz$vgy3uOw7sOwrpOwAntx0m8yrkpzBjHAKipCKiIEKibGBk%bG1j%dI1j%dIeudIgxBHxy_GOzEFxAjEgBmCgB2AgBCydAbxazex4x^3zhp3zQr4A0t5BbuCCbu7Ebu8F0taGRraGlpaGZm6FMl3EykACyk6Byk4AKl3zWm3zhp" /><g i="19" c="1302" p="%^uw$vuwduJEKk#jDPkeCPkZwPkZw1jzH1jzHtkyAIsbzdu#GA6uYB6uYH6uYH$v" /><g i="20" c="1303" p="#^6GpuTErvLDTvDCiwkBiwbziw2yfvVwcuVwAsVwDrkxRqMx2qtyApaz5p2ARoHAGo$BvoFEcoWFMnXFjnXFbnXFRljFhltEykPCykgBykwA5lNzDlrz0n%hxJmzxkleyukVyEjaAbjsBKi7DKiNEKiPF7jSGvjlH5kQHHk0IBl8I9m8IDn%8Izq8IDthIruqIfvRI$v%yG$vcGjv6Gpu^WFupJEZpjCjqZAvqpALqSz$qyztrfzXrfzwsfzotVz_tAAAuSBAu7DAu6E0u5FstzFusWFLrWFhq" /><g i="21" c="1304" p="#^Hz$v%Ex$v%Ex5e%Rz5e%RzukeBKioDKiAEKiEFdjJGHjpHzk5IrluIGmUIVnUIjpUIEseHtuBFiwhDiw_AiwHzmu^FzppFzKrhANsjBuu4DuuwEuuzFetDGZrDGvpDGYmCFLlCEykbDykLBykIAOlFz2nFzpp" /><g i="22" c="1305" p="#^Wx$v%Wx5e%FE5erG5eoHfeIIueBJ5fuKIf1LQgALXhALgjALyl7K8nGIJoTEJo%iAJo%iA$v^iACm%VECmcHCmaILl8JUk8Jlj8JdizIqh$HCg4HmgtGcgSEcg%iAcg" /><g i="23" c="1310" p="#^Ex$v%Ex1j%Cz1j%CzRkdAUjeBjjfCKiyDKi_EKiVFkjQGWjcH$kLIKidLKi8NKiaOOjdPSkdP5n%dP$v%0N$v%0NQn0NvmOMWlBMll1M$ktLEkJKEklJEkrIylyHsmyHso%yH$v%lF$v%lFznlF5mOEnlgEEk2DEk7CEkkB7lyAClbAymRzunRzgp%Rz$v" /><g i="24" c="1311" p="#^8G$v%8G5uDEiw0CiwTAiwTzSvTypvoyKuWx3uJx6tBxtsBx3r%Bx1j%Oz1j%OzdqOzXrWzys7AptOAVttBpusCpusDpujEVtaFotxFwsVFErVFZp%VF1j%6I1j%6I$v" /><g i="25" c="1312" p="#^ay$v%ayKk%ewKk%ew1j%ay1j%ayEhaylgoyIfJyRewzkejAOdLBOdHCOdPD0e%uDWfOCPfbCPfbBPfMAegmAFgmAQh%mA1j%UC1j%UCKk%nAKk%nA$v" /><g i="26" c="1313" p="#^ExZA%Ex1j%Ez1j%EzIklAJjeBej7CKioDKi2FKijGBjBHrkeI$lUIynUIppUIpraI$ssHBu5GsvKEiweDiw8CiwgBQvoAmvRzEu%RzZA^DzApDz4sDAhtEBuu4DuuxEuuAFftDG$rDGopDGVmBFHlAEsk9DskMBskHAMlDz4nDzAp" /><g i="27" c="1314" p="#^eB$v%jw1j%Dy1j%pBOqSB2sdCptxCns2DXq%XF1j%cI1j%hD$v" /><g i="28" c="1315" p="#^dy$v%dyvt%JAvt%JA$vJAnxdAdyKz4zHyyz%4yCyMyiy5zIxqz6xsz$v" /><g i="29" c="1316" p="#^VFZA%VFCuoFkvtEPvyDiwwCiwcAiwxysuTwBsTwopTwrnyxUleykkwzxjOAKilCKiLEKi7GLk%7G1j%6I1j%6IZA^8ztp8zZrbAeteBuuICuu5Euu6Fit7G5s7GGp7G4n2FNl_DtkyCtk7Btk7AHl8zUm8ztp" /><g i="30" c="1317" p="#^uL3u8NcvxOKv%QNnxVLHw_Jbv$HiwBFiw9DiwaB7vczYt8yQr4xIp4x1n4xok8ydidz2gcBWebDNdEFNd6INd5KYe5M7g8NfibOmkbO0nbOepwN$qRMLsuL3u^gG1rkICrFJLsLLRqLL0nLLRk$KdjgKBhRIIgqHPfFFPf$CPffBDhwzrjwz1nwzwqeBosZCguFFguWGgu2INtXG3tIFLs" /><g i="31" c="1318" p="#^yx_A%ixVy0y7zyy7zhz7zJzTyaADysAbyFARx7BywbBnwkB$v%pw1j%Ly1j%sBxq_BYrpCxtNC1sjDBq%5G1j%hI1j%mDdwzCmy7C9zxBfAMALA0AgBZygBkygByx_A" /><g i="32" c="1319" p="#^Wx$v%Wx5e%4E5eaG5egHleOIIeTJDfjLQg0MHiJMykJMXmJM_oeMzqML7s0LatgKcunJOuvInvfHHv$F$vnE$v^iAUt%5EUtTFUtTGztUHdtuIDskJNrOJmqhKXohKVmhK5kmJBirI4h6Hzg9Gcg2Ecg%iAcg" /><g i="33" c="1320" p="#^bw$v%WAhp%yw1j%gz1j%hB3mRBWmbCvnKCKmaD6m%mF1j%$H1j%CDfp%kI$v%EF$v%YCZr%jC_q%Ry$v" /><g i="34" c="1321" p="%^gy$vgyvtMAvtMA$v" /><g i="35" c="1322" p="#^nz6h%nzFj%0xFj%0xEh0x$fpxffVxie1zOd%zzEeUyWezyuffy1gdy6h^9D6h%9DFj%OAFj%OAEhOA$fbBffHBiePCOd%lDEeGCWelCuf1C1g$B6h" /><g i="36" c="1323" p="#^Sx$v%Sx5e%qB5e%EFLqeGxsvGptPGqssHxq%LL5e%XO5e%XO$v%FM$v%FM0h%rH$v%iF$v%8ALg%8A$v" /><g i="37" c="1324" p="#^3xtg%3xWd%qzWd%qzXfqzzh1zhivygjoxNj%SwViwxEiRx3iaythcytg^RAtg%RAWd%cDWd%cDXfcDzhPChihCgjaBNj%EAViiBEiDB3iYBth_Btg" /><g i="38" c="1325" p="%^Fx$vFx5eSz5eSzio2F1jVH1jXCRnpI$vHF$vnBmpSzRqSz$v" /><g i="39" c="1326" p="#^HKIp%3NiqjMdtnKMurIiwFFiwLCiwXA7v8zXtbyIrfxtpfxUmfx5kjy0inzXflBSejDNdHFNdmINdbK9f0MwgLM_i%qKyjOJBhCIIgqHPfDFPfADPfbCOgOANheAsjHz6lHzUmHzaplATq0BAspCqtPDgusFgurHguPI7tbKZrHKIp" /><g i="40" c="1327" p="#^1B$v%iw5e%Jy5e%rBQpUBGrbCutUCDq0Dbq%pG5e%gJ5e%QL9nNMxqdNutzNOr6OBp%WQ5e%jT5e%pO$v%5M$v%mImiTHEgNHfguHuhfHmi%tD$v" /><g i="41" c="1328" p="#^Zv$v%RC5e%pF5e%JM$v%1K$v%YHAq%rAAq%uy$v^7BFo%cHFo%kFHjuEqh3EZfIDIh5Dpj" /><g i="42" c="1329" p="%^0A$v3w1jky1jpAwq9Bit#bB5tQBDqVD1j9G1j5IyqJI1tuJwqIL1jRN1jNJ$vwH$vsFeoXE0miC$v" /><g i="43" c="1330" p="%^gyxlgy1jMA1jMAxl^gy$vgyvtMAvtMA$v" /><g i="44" c="1331" p="#^kxdnkxXley2l8z8kpA8kHB8kBC2lwDXlwDdnwDvoBCqpHBkqpAkq8zkqeyqpkxvokxdn" /><g i="45" c="1332" p="%^ky$vky5eIA5eIA$v" /><g i="46" c="1333" p="%^Qx$vQx5ecA5ecAUt0JUt0J$v" /><g i="47" c="1334" p="#^FJ5e%1M5e%1Mqo1M7rpLJsOKiucJivDHiw1FiwwCiwWArvkzzuEyWsZxgrZxqo%Zx5e%lA5e%lApolALqMASrcBYsfCztjD9uQE9urH9uyIZsFJNrFJpo" /><g i="48" c="1335" p="#^DxEg%Dx5e%Qz5e%QzEg^Ru1B%fv9zVvlziwlzZwlzixUyDxryDxFw%Dx1j%Qz1j%QzIwQz5zcz1ApygBzwgBGvgBRu1B" /><g i="49" c="1336" p="%^2y$v2y5e7K5e7KcgqAcgqALlPILlPISnqASnqA$v" /><g i="50" c="1337" p="#^wxtg%wxWd%TzWd%TzXfTzzhuzhiYygjRxNj%jxViZxEiiy3iDythFytg" /><g i="51" c="1338" p="%^uC$vuCcgBwcgBw5eNK5eNKcgSEcgSE$v" /><g i="52" c="1339" p="#^JwVq%SyDqXyGsCzrtiAbuwBbupCbu2DNtHDmtXDFsbEYrbEqq%bE5e%zG5e%zGhqzGxs0GMttF$uhEFv6DiwwBiwaziwVxXuFwAtJwVq" /><g i="53" c="1340" p="#^2xfr%fzYqDzQsxAFtrBuuLCuuiEuumFptrGksrGLqrGeprFgosEhnWChnjChnnBxn%DBClRBDlZBDlnDDlvEUkDF9kDFEiDFqhOEEg_DRfHCRfpBRfyAFgIzshtz3j%gxGiFxsg4zffwA1eEC1e6E1elFFeAGhfeHngUHshUHGiUHRjgHOkEGLlqFjm$GGmTHQnMIZoMIIqMI1t2HGulFiwKCiwnAiwPyUugxut2xfr" /><g i="54" c="1341" p="%^0y$v0y5eoA5eoAslFJslFJ5e1M5e1M$vFJ$vFJznoAznoA$v" /><g i="55" c="1342" p="#^bK$toJVupItvqH1wrG1wlF1wjEoviDLuFCrt0C7s0Cyq0CCo$CFm$DIktFKjYGMilIMipJMinKkjlLTj1M$k%sM7j%EO7j%TMjrwM0twMctwMxtMMNt0N0umN0u0O0u3PgtsQhsgREq4S$o4Sfn4Sdl1Rsj_PGhVNDgRLzflJzfuGzf7EVgMBeitAKkazdnaz4qaz3ttAevMBoxdEqyHGszGJszTMsz1PnycRixhSMv%uUMvST2xlSnyQQIzKOuAFMgBIJgB$GgBIEzAqCSzPAtycz4xnyfvmxYsmxgqmxinAyBk3AhhOCxfyFNdsJNduMNdUO0fjRfgISIiUTPkUTinUTQqoRAtaP2wxM2wHL2waLOvFKxvpK2vfKLubK$t^hEHqhEms3FitSFduUGduzHdujIPt4JotMJBssKNrUKyqlLjplL3olLpmwKvlHJAkvIAkJHAk1HZklGmlHFfm2F7nFEoohEEphEHq" /><g i="56" c="1343" p="#^BIUt%BI$v%Lw$vJwcv$wtusxgtsy5sszWqkBnpfE_mgFBliGbkiGXiiGDhmFKgqERfWCRflBRfoAOgrzLhrzrj%axcjoxGgVymfqA1eZC1eyF1e2HsfzITgzI_izI3k6I6lGH8mFGinEFrogDrqiB5sKAHsaAhtPzUt" /><g i="57" c="1344" p="#^1x9n1x_jGx2iky6gCz4fVA1eRC1eiE1eoFCeuGbfbHhgUHmhiIXiIIvkII9nIIjq2IfspHbu6GfvQEiwRCiwgAiwOyru1xcs1x9n^iz9nizzrjA1tlBuuRCuunEuupF1trGzrrG9nrGKipFihnERfQCRfkBRfqA6hizLiiz9n" /><g i="58" c="1345" p="%^jF$v6D$v6D_h#jCLi0Bwj#KzgkJyEkJyvi#yAFhWBqg#jDbfUD1ejF1e" /><g i="59" c="1346" p="#^axrg%axke%MIke%MI1g2HRhmFSkHDTnMC3r6CjtXB$v%Gz$vIzTtvAUqiBUnNC6lgEkiYFrg" /><g i="60" c="1347" p="#^jG_o%jGTm%UNTm%UNvt8MUuhKBvqIiwtGiwQDiwGBavwz1uqyUrkxLpkx6nkxvkpyeivzZfyBTeCDNdhGNdeINdOJpenL1fgM9g9NhhCN5j%uLHj4LjiuKxhUJLgMIhgFHPfiGPfGEPfuDjgiCOgzBChRApirAnjMz1lMzZmMzmpAA_qpBBs_CntzE9ulG9uTH9ulJztPKZsALis%AL_o" /></glyphs></font></bwFonts>