<?xml version="1.0" encoding="utf-8"?><bwFrame xmlns:xsi="http://www.w3.org/2001/XMLSchema-instance" xmlns:xsd="http://www.w3.org/2001/XMLSchema" default_layout="npnxnsnfns1111101101" textdirection="ltr" device="false" fontscale="100" kbshortcuts="false" skip_nav_enabled="true" outputtype="undefined"><layouts><layout name="npnxsnfns1111101101" font="Arial" controllayout="npnxsnfns1111101101" colorscheme="npnxnsnfns1111101101" string_table="npnxnsnfns1111101101" /><layout name="pxnsnfns1111101101" font="Arial" controllayout="pxnsnfns1111101101" colorscheme="npnxnsnfns1111101101" string_table="npnxnsnfns1111101101" /><layout name="npxnsnfns1111101101" font="Arial" controllayout="npxnsnfns1111101101" colorscheme="npnxnsnfns1111101101" string_table="npnxnsnfns1111101101" /><layout name="npnxnsnfns1111101101" font="Arial" controllayout="npnxnsnfns1111101101" colorscheme="npnxnsnfns1111101101" string_table="npnxnsnfns1111101101" /><layout name="pxnsnfns1111101100" font="Arial" controllayout="pxnsnfns1111101100" colorscheme="npnxnsnfns1111101101" string_table="npnxnsnfns1111101101" /></layouts><control_options><optiongroups><optiongroup name="sidebaroptions"><options><option name="title_enabled" value="false"><options><option name="title_text" value="Mission Profile M01" /></options></option><option name="logo_enabled" value="false"><options><option name="logo_url" /></options></option><option name="sidebar_enabled" value="false"><options><option name="sidebarpos" value="left" /></options></option><optionlist name="tabs"><listitems><listitem name="outline" value="true" group="linkright" /><listitem name="transcript" value="true" group="linkright" /><listitem name="resources" value="true" group="linkright" /><listitem name="customlink" value="true" group="linkright"><properties><property name="title" value="Spice" /><property name="data" value="6WMSxCc16XW" /><property name="ignoreSlideLock" value="true" /></properties></listitem><listitem name="customlink" value="true" group="linkright"><properties><property name="title" value="Exit" /><property name="data" value="61JDro0Dijy" /><property name="ignoreSlideLock" value="true" /></properties></listitem><listitem name="glossary" value="false" group="sidebar" /></listitems></optionlist><option name="time_enabled" value="false"><options><option name="time_format" value="totalelapsed" /></options></option><option name="video_enabled" value="false"><options><option name="height" value="135" /></options></option></options></optiongroup><optiongroup name="menuoptions"><options><option name="flow" value="free" /><option name="wraplistitems" value="true" /><option name="tooltips" value="true" /><option name="autocollapse" value="true" /><option name="autonumber" value="true" /><option name="enableresultsicons" value="false" /></options></optiongroup><optiongroup name="controls"><options><option name="volume" value="true" /><option name="seekbar" value="true"><options><option name="readonly" value="false" /></options></option><option name="search" value="false" /><option name="replay" value="true" /><option name="pauseplay" value="true" /></options></optiongroup><optiongroup name="bottombaroptions"><options><option name="bottombar_enabled" value="true" /></options></optiongroup></optiongroups></control_options><control_layouts><control_layout name="npnxsnfns1111101101"><control name="volume" enabled="true" /><control name="seekbar" enabled="true" /><control name="replay" enabled="true" /><control name="pauseplay" enabled="true" /><control name="logo" enabled="true" /><control name="previous" enabled="false" /><control name="next" enabled="false" /><control name="submit" enabled="true" /><control name="finish" enabled="false" /><control name="submitall" enabled="false" /><control name="resources" enabled="true" /><control name="glossary" enabled="false" /><control name="transcript" enabled="true" /><control name="outline" enabled="true"><controls><control name="search" enabled="false" /></controls></control><control name="close_btn" enabled="true" /></control_layout><control_layout name="pxnsnfns1111101101"><control name="volume" enabled="true" /><control name="seekbar" enabled="true" /><control name="replay" enabled="true" /><control name="pauseplay" enabled="true" /><control name="logo" enabled="true" /><control name="previous" enabled="true" /><control name="next" enabled="true" /><control name="submit" enabled="false" /><control name="finish" enabled="false" /><control name="submitall" enabled="false" /><control name="resources" enabled="true" /><control name="glossary" enabled="false" /><control name="transcript" enabled="true" /><control name="outline" enabled="true"><controls><control name="search" enabled="false" /></controls></control><control name="close_btn" enabled="true" /></control_layout><control_layout name="npxnsnfns1111101101"><control name="volume" enabled="true" /><control name="seekbar" enabled="true" /><control name="replay" enabled="true" /><control name="pauseplay" enabled="true" /><control name="logo" enabled="true" /><control name="previous" enabled="false" /><control name="next" enabled="true" /><control name="submit" enabled="false" /><control name="finish" enabled="false" /><control name="submitall" enabled="false" /><control name="resources" enabled="true" /><control name="glossary" enabled="false" /><control name="transcript" enabled="true" /><control name="outline" enabled="true"><controls><control name="search" enabled="false" /></controls></control><control name="close_btn" enabled="true" /></control_layout><control_layout name="npnxnsnfns1111101101"><control name="volume" enabled="true" /><control name="seekbar" enabled="true" /><control name="replay" enabled="true" /><control name="pauseplay" enabled="true" /><control name="logo" enabled="true" /><control name="previous" enabled="false" /><control name="next" enabled="false" /><control name="submit" enabled="false" /><control name="finish" enabled="false" /><control name="submitall" enabled="false" /><control name="resources" enabled="true" /><control name="glossary" enabled="false" /><control name="transcript" enabled="true" /><control name="outline" enabled="true"><controls><control name="search" enabled="false" /></controls></control><control name="close_btn" enabled="true" /></control_layout><control_layout name="pxnsnfns1111101100"><control name="volume" enabled="true" /><control name="seekbar" enabled="true" /><control name="replay" enabled="true" /><control name="pauseplay" enabled="true" /><control name="logo" enabled="true" /><control name="previous" enabled="true" /><control name="next" enabled="true" /><control name="submit" enabled="false" /><control name="finish" enabled="false" /><control name="submitall" enabled="false" /><control name="resources" enabled="true" /><control name="glossary" enabled="false" /><control name="transcript" enabled="true" /><control name="outline" enabled="true"><controls><control name="search" enabled="false" /></controls></control><control name="close_btn" enabled="false" /></control_layout></control_layouts><colorschemes><colorscheme name="npnxnsnfns1111101101"><color_group name="timer"><group_colors><color name="duration"><fill type="linear" rotation="90"><colors><color rgb="0x00D7FF" alpha="100" stop="0" /><color rgb="0x00ABFF" alpha="100" stop="255" /></colors></fill></color><color name="elapsed"><fill type="linear" rotation="90"><colors><color rgb="0xFEE347" alpha="100" stop="0" /><color rgb="0xFCCC2A" alpha="100" stop="255" /></colors></fill></color><color name="stroke"><fill type="linear" rotation="90"><colors><color rgb="0xC7C7C7" alpha="100" stop="0" /></colors></fill></color><color name="inner"><fill type="linear" rotation="90"><colors><color rgb="0xFFFFFF" alpha="100" stop="0" /></colors></fill></color><color name="text"><fill type="linear" rotation="90"><colors><color rgb="0x555555" alpha="100" stop="0" /></colors></fill></color></group_colors></color_group><color_group name="window"><group_colors><color name="text"><fill type="linear" rotation="90"><colors><color rgb="0x595959" alpha="100" stop="0" /></colors></fill></color><color name="inner"><fill type="linear" rotation="90"><colors><color rgb="0xEAEAEA" alpha="100" stop="0" /><color rgb="0xCFCFCF" alpha="100" stop="255" /></colors></fill></color><color name="bg"><fill type="linear" rotation="90"><colors><color rgb="0xF3F3F3" alpha="100" stop="0" /></colors></fill></color><color name="diva"><fill type="linear" rotation="90"><colors><color rgb="0xF7F7F7" alpha="100" stop="0" /></colors></fill></color><color name="divb"><fill type="linear" rotation="90"><colors><color rgb="0xD3D3D3" alpha="100" stop="0" /></colors></fill></color><color name="shadow"><fill type="linear" rotation="90"><colors><color rgb="0x000000" alpha="20" stop="0" /></colors></fill></color></group_colors></color_group><color_group name="editor"><group_colors><color name="slide_text"><fill type="linear" rotation="90"><colors><color rgb="0x555555" alpha="100" stop="0" /></colors></fill></color><color name="html_text"><fill type="linear" rotation="90"><colors><color rgb="0x444444" alpha="100" stop="0" /></colors></fill></color><color name="btn_bg"><fill type="linear" rotation="90"><colors><color rgb="0xF5F5F5" alpha="100" stop="0" /><color rgb="0xC7C7C7" alpha="100" stop="255" /></colors></fill></color><color name="btn_hover"><fill type="linear" rotation="90"><colors><color rgb="0xF2F2F2" alpha="100" stop="0" /><color rgb="0xAFAFAF" alpha="100" stop="255" /></colors></fill></color><color name="btn_down"><fill type="linear" rotation="90"><colors><color rgb="0xC7C7C7" alpha="100" stop="0" /><color rgb="0xF4F4F4" alpha="100" stop="255" /></colors></fill></color><color name="btn_border"><fill type="linear" rotation="90"><colors><color rgb="0xB1B1B1" alpha="100" stop="0" /></colors></fill></color><color name="btn_text"><fill type="linear" rotation="90"><colors><color rgb="0x353535" alpha="100" stop="0" /></colors></fill></color><color name="btn_text_shadow"><fill type="linear" rotation="90"><colors><color rgb="0xF0F0F0" alpha="100" stop="0" /></colors></fill></color></group_colors></color_group><color_group name="listitem"><group_colors><color name="selected_text"><fill type="linear" rotation="90"><colors><color rgb="0x353535" alpha="100" stop="0" /></colors></fill></color><color name="lines"><fill type="linear" rotation="90"><colors><color rgb="0xDFDFDF" alpha="100" stop="0" /></colors></fill></color><color name="hover"><fill type="linear" rotation="90"><colors><color rgb="0x3DCD58" alpha="100" stop="0" /></colors></fill></color><color name="viewed"><fill type="linear" rotation="90"><colors><color rgb="0x909090" alpha="100" stop="0" /></colors></fill></color><color name="text"><fill type="linear" rotation="90"><colors><color rgb="0x353535" alpha="100" stop="0" /></colors></fill></color><color name="selected"><fill type="linear" rotation="90"><colors><color rgb="0x87D300" alpha="100" stop="0" /></colors></fill></color><color name="shadow"><fill type="linear" rotation="90"><colors><color rgb="0xFFFFFF" alpha="100" stop="0" /></colors></fill></color></group_colors></color_group><color_group name="base"><group_colors><color name="text"><fill type="linear" rotation="90"><colors><color rgb="0x626469" alpha="100" stop="0" /></colors></fill></color><color name="diva"><fill type="linear" rotation="90"><colors><color rgb="0x4FA600" alpha="100" stop="0" /></colors></fill></color><color name="divb"><fill type="linear" rotation="90"><colors><color rgb="0x87D300" alpha="100" stop="0" /></colors></fill></color><color name="bg"><fill type="linear" rotation="90"><colors><color rgb="0xE8E8E8" alpha="100" stop="0" /><color rgb="0xE6E6E6" alpha="100" stop="255" /></colors></fill></color><color name="border"><fill type="linear" rotation="90"><colors><color rgb="0x009530" alpha="100" stop="0" /><color rgb="0x4FA600" alpha="100" stop="255" /></colors></fill></color><color name="menu_shade"><fill type="linear" rotation="90"><colors><color rgb="0xFFFFFF" alpha="100" stop="0" /><color rgb="0xFFFFFF" alpha="100" stop="255" /></colors></fill></color><color name="slide_bg"><fill type="linear" rotation="90"><colors><color rgb="0x009530" alpha="100" stop="0" /><color rgb="0x009530" alpha="100" stop="255" /></colors></fill></color></group_colors></color_group><color_group name="button"><group_colors><color name="btn_bg"><fill type="linear" rotation="90"><colors><color rgb="0x3DCD58" alpha="100" stop="0" /><color rgb="0x3DCD58" alpha="100" stop="255" /></colors></fill></color><color name="btn_hover"><fill type="linear" rotation="90"><colors><color rgb="0x009530" alpha="100" stop="0" /><color rgb="0x009530" alpha="100" stop="255" /></colors></fill></color><color name="btn_down"><fill type="linear" rotation="90"><colors><color rgb="0x007526" alpha="100" stop="0" /><color rgb="0x007526" alpha="100" stop="255" /></colors></fill></color><color name="btn_border"><fill type="linear" rotation="90"><colors><color rgb="0x009530" alpha="100" stop="0" /></colors></fill></color><color name="btn_text"><fill type="linear" rotation="90"><colors><color rgb="0xFFFFFF" alpha="100" stop="0" /></colors></fill></color><color name="btn_text_shadow"><fill type="linear" rotation="90"><colors><color rgb="0xFFFFFF" alpha="100" stop="0" /></colors></fill></color><color name="btn_icon_color"><fill type="linear" rotation="90"><colors><color rgb="0x009530" alpha="100" stop="0" /></colors></fill></color><color name="btn_glow"><fill type="linear" rotation="90"><colors><color rgb="0x4FA600" alpha="100" stop="0" /></colors></fill></color></group_colors></color_group><color_group name="checkbox"><group_colors><color name="border"><fill type="linear" rotation="90"><colors><color rgb="0xB8B8B8" alpha="100" stop="0" /></colors></fill></color><color name="bg"><fill type="linear" rotation="90"><colors><color rgb="0xFFFFFF" alpha="100" stop="0" /></colors></fill></color><color name="check"><fill type="linear" rotation="90"><colors><color rgb="0x33CC00" alpha="100" stop="0" /></colors></fill></color><color name="text"><fill type="linear" rotation="90"><colors><color rgb="0x444444" alpha="100" stop="0" /></colors></fill></color><color name="hover"><fill type="linear" rotation="90"><colors><color rgb="0xA4ABB1" alpha="100" stop="0" /></colors></fill></color></group_colors></color_group><color_group name="logo"><group_colors><color name="bg"><fill type="linear" rotation="90"><colors><color rgb="0xFFFFFF" alpha="100" stop="0" /></colors></fill></color><color name="shadow"><fill type="linear" rotation="90"><colors><color rgb="0xB8B8B8" alpha="100" stop="0" /></colors></fill></color></group_colors></color_group><color_group name="menu"><group_colors><color name="bg"><fill type="linear" rotation="90"><colors><color rgb="0xDEDEDE" alpha="100" stop="0" /></colors></fill></color><color name="shadow"><fill type="linear" rotation="90"><colors><color rgb="0xFFFFFF" alpha="100" stop="0" /></colors></fill></color></group_colors></color_group><color_group name="scrollarea"><group_colors><color name="bg"><fill type="linear" rotation="0"><colors><color rgb="0xDEDEDE" alpha="100" stop="0" /><color rgb="0xE8E8E8" alpha="100" stop="128" /></colors></fill></color><color name="border"><fill type="linear" rotation="90"><colors><color rgb="0xF6F6F6" alpha="100" stop="0" /><color rgb="0xF3F3F3" alpha="100" stop="255" /></colors></fill></color><color name="button_bg"><fill type="linear" rotation="90"><colors><color rgb="0xC4C4C4" alpha="100" stop="0" /><color rgb="0xB2B2B2" alpha="100" stop="255" /></colors></fill></color><color name="button_inner"><fill type="linear" rotation="90"><colors><color rgb="0xCBCBCB" alpha="100" stop="0" /><color rgb="0xBABABA" alpha="100" stop="255" /></colors></fill></color><color name="button_border"><fill type="linear" rotation="90"><colors><color rgb="0xB8B8B8" alpha="100" stop="0" /></colors></fill></color><color name="icons"><fill type="linear" rotation="90"><colors><color rgb="0x555555" alpha="100" stop="0" /></colors></fill></color><color name="shadow"><fill type="linear" rotation="90"><colors><color rgb="0xD9D9D9" alpha="100" stop="0" /></colors></fill></color><color name="detaila"><fill type="linear" rotation="90"><colors><color rgb="0xA7A7A7" alpha="100" stop="0" /></colors></fill></color><color name="detailb"><fill type="linear" rotation="90"><colors><color rgb="0xCFCFCF" alpha="100" stop="0" /></colors></fill></color></group_colors></color_group><color_group name="searchinput"><group_colors><color name="bg"><fill type="linear" rotation="90"><colors><color rgb="0xDFDFDF" alpha="100" stop="0" /></colors></fill></color><color name="border"><fill type="linear" rotation="90"><colors><color rgb="0xADADAD" alpha="100" stop="0" /><color rgb="0xFAFAFA" alpha="100" stop="255" /></colors></fill></color><color name="icon"><fill type="linear" rotation="90"><colors><color rgb="0x8A8A8A" alpha="100" stop="0" /></colors></fill></color><color name="button_hover"><fill type="linear" rotation="90"><colors><color rgb="0xF5F5F5" alpha="100" stop="0" /><color rgb="0xC7C7C7" alpha="100" stop="255" /></colors></fill></color><color name="hover_glow"><fill type="linear" rotation="90"><colors><color rgb="0x6BF8FF" alpha="100" stop="0" /></colors></fill></color><color name="search_text"><fill type="linear" rotation="90"><colors><color rgb="0x8A8A8A" alpha="100" stop="0" /></colors></fill></color><color name="bg_active"><fill type="linear" rotation="90"><colors><color rgb="0xFAFAFA" alpha="100" stop="0" /></colors></fill></color><color name="text_active"><fill type="linear" rotation="90"><colors><color rgb="0x333333" alpha="100" stop="0" /></colors></fill></color></group_colors></color_group><color_group name="seekcontrol"><group_colors><color name="bg"><fill type="linear" rotation="90"><colors><color rgb="0x3DCD58" alpha="100" stop="0" /><color rgb="0x3DCD58" alpha="100" stop="255" /></colors></fill></color><color name="border"><fill type="linear" rotation="90"><colors><color rgb="0x009530" alpha="100" stop="0" /></colors></fill></color><color name="text_color"><fill type="linear" rotation="90"><colors><color rgb="0xFFFFFF" alpha="100" stop="0" /></colors></fill></color><color name="seek_border"><fill type="linear" rotation="90"><colors><color rgb="0x009530" alpha="100" stop="0" /><color rgb="0x009530" alpha="100" stop="255" /></colors></fill></color><color name="seek_bg"><fill type="linear" rotation="90"><colors><color rgb="0xFFFFFF" alpha="100" stop="0" /></colors></fill></color><color name="seek_position"><fill type="linear" rotation="90"><colors><color rgb="0xD9FF93" alpha="100" stop="0" /></colors></fill></color><color name="btn_icon_color"><fill type="linear" rotation="90"><colors><color rgb="0x009530" alpha="100" stop="0" /></colors></fill></color><color name="btn_icon_hover"><fill type="linear" rotation="90"><colors><color rgb="0xF2F2F2" alpha="100" stop="0" /></colors></fill></color><color name="btn_icon_shadow"><fill type="linear" rotation="90"><colors><color rgb="0xF0F0F0" alpha="100" stop="0" /></colors></fill></color></group_colors></color_group><color_group name="tabs"><group_colors><color name="bg"><fill type="linear" rotation="90"><colors><color rgb="0xF3F3F3" alpha="100" stop="0" /></colors></fill></color><color name="text"><fill type="linear" rotation="90"><colors><color rgb="0xFFFFFF" alpha="100" stop="0" /></colors></fill></color><color name="selected"><fill type="linear" rotation="90"><colors><color rgb="0x333333" alpha="100" stop="0" /></colors></fill></color><color name="hover"><fill type="linear" rotation="90"><colors><color rgb="0x333333" alpha="100" stop="0" /></colors></fill></color><color name="shadow"><fill type="linear" rotation="90"><colors><color rgb="0xF0F0F0" alpha="100" stop="0" /></colors></fill></color></group_colors></color_group><color_group name="transcript"><group_colors><color name="div"><fill type="linear" rotation="90"><colors><color rgb="0xE1E1E1" alpha="100" stop="0" /></colors></fill></color><color name="heading_text"><fill type="linear" rotation="90"><colors><color rgb="0x444444" alpha="100" stop="0" /></colors></fill></color></group_colors></color_group><color_group name="outline"><group_colors><color name="diva"><fill type="linear" rotation="90"><colors><color rgb="0x92D050" alpha="100" stop="0" /></colors></fill></color><color name="divb"><fill type="linear" rotation="90"><colors><color rgb="0xF9F9F9" alpha="100" stop="0" /></colors></fill></color><color name="divc"><fill type="linear" rotation="90"><colors><color rgb="0xE1E1E1" alpha="100" stop="0" /></colors></fill></color><color name="icon_color"><fill type="linear" rotation="90"><colors><color rgb="0xFF0000" alpha="100" stop="0" /></colors></fill></color><color name="search_text"><fill type="linear" rotation="90"><colors><color rgb="0x444444" alpha="100" stop="0" /></colors></fill></color><color name="search_hover"><fill type="linear" rotation="90"><colors><color rgb="0x0000EE" alpha="100" stop="0" /></colors></fill></color></group_colors></color_group><color_group name="resource"><group_colors><color name="separator"><fill type="linear" rotation="90"><colors><color rgb="0x808080" alpha="100" stop="0" /></colors></fill></color></group_colors></color_group><color_group name="glossary"><group_colors><color name="selected_text"><fill type="linear" rotation="90"><colors><color rgb="0x353535" alpha="100" stop="0" /></colors></fill></color><color name="selected"><fill type="linear" rotation="90"><colors><color rgb="0xC0E2F1" alpha="100" stop="0" /></colors></fill></color><color name="text"><fill type="linear" rotation="90"><colors><color rgb="0x353535" alpha="100" stop="0" /></colors></fill></color><color name="hover"><fill type="linear" rotation="90"><colors><color rgb="0xE6E6E6" alpha="100" stop="0" /></colors></fill></color><color name="diva"><fill type="linear" rotation="90"><colors><color rgb="0xE2E2E2" alpha="100" stop="0" /></colors></fill></color><color name="divb"><fill type="linear" rotation="90"><colors><color rgb="0xE2E2E2" alpha="100" stop="0" /></colors></fill></color><color name="divc"><fill type="linear" rotation="90"><colors><color rgb="0xFAFAFA" alpha="100" stop="0" /></colors></fill></color><color name="bg"><fill type="linear" rotation="90"><colors><color rgb="0xE7E7E7" alpha="100" stop="0" /></colors></fill></color><color name="heading_text"><fill type="linear" rotation="90"><colors><color rgb="0x444444" alpha="100" stop="0" /></colors></fill></color></group_colors></color_group><color_group name="volume"><group_colors><color name="thumb_border"><fill type="linear" rotation="90"><colors><color rgb="0xA5A5A5" alpha="100" stop="0" /></colors></fill></color><color name="thumb_inner"><fill type="linear" rotation="90"><colors><color rgb="0xD4D4D4" alpha="100" stop="0" /></colors></fill></color><color name="thumb_bg"><fill type="linear" rotation="90"><colors><color rgb="0xC8C8C8" alpha="100" stop="0" /></colors></fill></color><color name="slider_border"><fill type="linear" rotation="90"><colors><color rgb="0xF2F2F2" alpha="100" stop="0" /></colors></fill></color><color name="slider_bg"><fill type="linear" rotation="90"><colors><color rgb="0xBCBCBC" alpha="100" stop="0" /><color rgb="0xBCBCBC" alpha="100" stop="128" /><color rgb="0xC3C3C3" alpha="100" stop="255" /></colors></fill></color></group_colors></color_group><color_group name="HTML"><group_colors><color name="htmlpage_bg_color"><fill type="linear" rotation="90"><colors><color rgb="0xFFFFFF" alpha="100" stop="0" /></colors></fill></color></group_colors></color_group></colorscheme></colorschemes><string_tables><string_table name="npnxnsnfns1111101101"><string id="prev">BACK</string><string id="next">NEXT</string><string id="submit">SUBMIT</string><string id="outline">Menu</string><string id="resources">Resources</string><string id="glossary">Glossary</string><string id="transcript">Notes</string><string id="clear">Clear and return to Menu</string><string id="search_results">Search Results</string><string id="filter">Filter</string><string id="slide_text_chk">Slide Text</string><string id="transcript_chk">Notes</string><string id="search_in">Search in:</string><string id="check_include">Check to include</string><string id="search">Search...</string><string id="terms">Terms</string><string id="definition">Definition</string><string id="finish">FINISH</string><string id="acc_finish">finish</string><string id="acc_definition">definition</string><string id="acc_resources">resources</string><string id="acc_search_input">search</string><string id="acc_pause">pause</string><string id="acc_play">play</string><string id="acc_replay">replay</string><string id="acc_submit">submit</string><string id="acc_next">next</string><string id="acc_previous">previous</string><string id="acc_volume">volume</string><string id="acc_skipnavigation">Skip Navigation. Hit enter to return to the slide.</string><string id="submitall">SUBMIT ALL</string><string id="acc_submitall">submit all</string><string id="question_list">Question List</string><string id="more_info">More info</string><string id="send_an_email">Send an email</string><string id="close">Close</string><string id="bio">Bio</string><string id="exit">Exit</string></string_table></string_tables><sounds enabled="false" /><nav_data><outline><links><slidelink slideid="_player.62ieOaq6Yh4.5cryHGnXExy" displaytext="Welcome" expand="true" type="slide" /></links></outline></nav_data><resource_data description="&lt;p align='left'&gt;&lt;font face='Arial' size='11' color='#444444'&gt;Mission Profile Resources&lt;/font&gt;&lt;/p&gt;"><resources><resource url="https://schneider-electric.box.com/s/0z019zvr6w82pkh381ncgjes1li8djxv" image="story_content/url.png" title="Mission Profile Resources" /></resources></resource_data><transcript_data><slidetranscripts><slidetranscript slideid="62ieOaq6Yh4.5cryHGnXExy" slidebank="false" type="slide" noteswf="story_content/notes/Note62ieOaq6Yh4.5cryHGnXExy.swf" pathlib="Lib" pathindex="0">&lt;html&gt;&lt;p align='left'&gt;&lt;textformat leading='0' tabstops='[0, 48, 96, 144, 192, 240]' blockindent='0' indent='0'&gt;&lt;font face='Arial' size='12.5pt' color='#444444'&gt;Schneider Electric is recognized as the best Premium Offer provider, offering a unique Offer Quality and Delivery Experience.&lt;/font&gt;&lt;/textformat&gt;&lt;/p&gt;&lt;p align='left'&gt;&lt;textformat leading='0' tabstops='[0, 48, 96, 144, 192, 240]' blockindent='0' indent='0'&gt;&lt;font face='Arial' size='12.5pt' color='#444444'&gt;“Made in Schneider” is as strong as a brand.&lt;/font&gt;&lt;/textformat&gt;&lt;/p&gt;&lt;p align='left'&gt;&lt;textformat leading='0' tabstops='[0, 48, 96, 144, 192, 240]' blockindent='0' indent='0'&gt;&lt;font face='Arial' size='12.5pt' color='#444444'&gt;Mission Profile is a key element to achieve our promise to the Customer.&lt;/font&gt;&lt;/textformat&gt;&lt;/p&gt;&lt;p align='left'&gt;&lt;textformat leading='0' tabstops='[0, 48, 96, 144, 192, 240]' blockindent='0' indent='0'&gt;&lt;font face='Arial' size='12.5pt' color='#444444'&gt;Welcome to the Mission Profile Online Program &lt;/font&gt;&lt;/textformat&gt;&lt;/p&gt;&lt;p align='left'&gt;&lt;textformat leading='0' tabstops='[0, 48, 96, 144, 192, 240]' blockindent='0' indent='0'&gt;&lt;font face='Arial' size='12.5pt' color='#444444'&gt;At the end of this online program, you will be able to:&lt;/font&gt;&lt;/textformat&gt;&lt;/p&gt;&lt;p align='left'&gt;&lt;textformat leading='0' tabstops='[0, 48, 96, 144, 192, 240]' blockindent='48' indent='-24'&gt;&lt;font face='Arial' size='12.5pt' color='#444444'&gt;•	Define Mission Profile &lt;/font&gt;&lt;/textformat&gt;&lt;/p&gt;&lt;p align='left'&gt;&lt;textformat leading='0' tabstops='[0, 48, 96, 144, 192, 240]' blockindent='48' indent='-24'&gt;&lt;font face='Arial' size='12.5pt' color='#444444'&gt;•	Describe the importance of Mission Profile in robust design&lt;/font&gt;&lt;/textformat&gt;&lt;/p&gt;&lt;p align='left'&gt;&lt;textformat leading='0' tabstops='[0, 48, 96, 144, 192, 240]' blockindent='48' indent='-24'&gt;&lt;font face='Arial' size='12.5pt' color='#444444'&gt;•	Identify the stress factors impacting the product robustness considering the different Life Phases&lt;/font&gt;&lt;/textformat&gt;&lt;/p&gt;&lt;p align='left'&gt;&lt;textformat leading='0' tabstops='[0, 48, 96, 144, 192, 240]' blockindent='48' indent='-24'&gt;&lt;font face='Arial' size='12.5pt' color='#444444'&gt;•	Structure the data in a simple and efficient way &lt;/font&gt;&lt;/textformat&gt;&lt;/p&gt;&lt;p align='left'&gt;&lt;textformat leading='0' tabstops='[0, 48, 96, 144, 192, 240]' blockindent='48' indent='-24'&gt;&lt;font face='Arial' size='12.5pt' color='#444444'&gt;•    Understand the Mission Profile objectives and how it impacts the project execution&lt;/font&gt;&lt;/textformat&gt;&lt;/p&gt;&lt;p align='left'&gt;&lt;textformat leading='0' tabstops='[0, 48, 96, 144, 192, 240]' blockindent='0' indent='0'&gt;&lt;font face='Arial' size='12.5pt' color='#444444'&gt;For a better understanding of the Mission Profile concept, let’s consider an example of car transportation&lt;/font&gt;&lt;/textformat&gt;&lt;/p&gt;&lt;p align='left'&gt;&lt;textformat leading='0' tabstops='[0, 48, 96, 144, 192, 240]' blockindent='0' indent='0'&gt;&lt;font face='Arial' size='12.5pt' color='#444444'&gt;The life time of a car depends on the way you use and the region you live. &lt;/font&gt;&lt;/textformat&gt;&lt;/p&gt;&lt;p align='left'&gt;&lt;textformat leading='0' tabstops='[0, 48, 96, 144, 192, 240]' blockindent='0' indent='0'&gt;&lt;font face='Arial' size='12.5pt' color='#444444'&gt;Depending on the usage, car design will be different and the vendors will propose the right car for the right use.&lt;/font&gt;&lt;/textformat&gt;&lt;/p&gt;&lt;p align='left'&gt;&lt;textformat leading='0' tabstops='[0, 48, 96, 144, 192, 240]' blockindent='0' indent='0'&gt;&lt;font face='Arial' size='12.5pt' color='#444444'&gt;These usage conditions along with other aspects are included in Mission Profile. &lt;/font&gt;&lt;/textformat&gt;&lt;/p&gt;&lt;p align='left'&gt;&lt;textformat leading='0' tabstops='[0, 48, 96, 144, 192, 240]' blockindent='0' indent='0'&gt;&lt;font face='Arial' size='12.5pt' color='#444444'&gt;Without the knowledge of Mission Profile, you cannot design and sell the right car.&lt;/font&gt;&lt;/textformat&gt;&lt;/p&gt;&lt;p align='left'&gt;&lt;textformat leading='0' tabstops='[0, 48, 96, 144, 192, 240]' blockindent='0' indent='0'&gt;&lt;font face='Arial' size='12.5pt' color='#444444'&gt;In a similar way, our products are also influenced by certain environmental and specific constraints which are included in Mission Profile&lt;/font&gt;&lt;/textformat&gt;&lt;/p&gt;&lt;p align='left'&gt;&lt;textformat leading='0' tabstops='[0, 48, 96, 144, 192, 240]' blockindent='0' indent='0'&gt;&lt;font face='Arial' size='12.5pt' color='#444444'&gt;Let’s meet John, the future offer manager, who is part of the project team in Schneider Electric.&lt;/font&gt;&lt;/textformat&gt;&lt;/p&gt;&lt;p align='left'&gt;&lt;textformat leading='0' tabstops='[0, 48, 96, 144, 192, 240]' blockindent='0' indent='0'&gt;&lt;font face='Arial' size='12.5pt' color='#444444'&gt;The project team has to undertake the design of a new breaker.&lt;/font&gt;&lt;/textformat&gt;&lt;/p&gt;&lt;p align='left'&gt;&lt;textformat leading='0' tabstops='[0, 48, 96, 144, 192, 240]' blockindent='0' indent='0'&gt;&lt;font face='Arial' size='12.5pt' color='#444444'&gt;John is in Charge of creating the Mission Profile document for the product. &lt;/font&gt;&lt;/textformat&gt;&lt;/p&gt;&lt;p align='left'&gt;&lt;textformat leading='0' tabstops='[0, 48, 96, 144, 192, 240]' blockindent='0' indent='0'&gt;&lt;font face='Arial' size='12.5pt' color='#444444'&gt;John is new to the department and he is trying to learn how to prepare the Mission Profile document.&lt;/font&gt;&lt;/textformat&gt;&lt;/p&gt;&lt;p align='left'&gt;&lt;textformat leading='0' tabstops='[0, 48, 96, 144, 192, 240]' blockindent='0' indent='0'&gt;&lt;font face='Arial' size='12.5pt' color='#444444'&gt;Mark is his senior and he is helping John to understand the importance of this activity for the customer, how to prepare the Mission Profile and what information is needed to be captured in the document.&lt;/font&gt;&lt;/textformat&gt;&lt;/p&gt;&lt;p align='left'&gt;&lt;textformat leading='0' tabstops='[0, 48, 96, 144, 192, 240]' blockindent='0' indent='0'&gt;&lt;font face='Arial' size='12.5pt' color='#444444'&gt;As you progress through the course, John will learn about the Mission Profile and create the document for the project team.&lt;/font&gt;&lt;/textformat&gt;&lt;/p&gt;&lt;p align='left'&gt;&lt;textformat leading='0' tabstops='[0, 48, 96, 144, 192, 240]' blockindent='0' indent='0'&gt;&lt;font face='Arial' size='12.5pt' color='#444444'&gt;This Mission Profile online program will be presented as a curriculum with 3 modules:&lt;/font&gt;&lt;/textformat&gt;&lt;/p&gt;&lt;p align='left'&gt;&lt;textformat leading='0' tabstops='[0, 48, 96, 144, 192, 240]' blockindent='48' indent='-24'&gt;&lt;font face='Arial' size='12.5pt' color='#444444'&gt;•	Mission Profile Overview&lt;/font&gt;&lt;/textformat&gt;&lt;/p&gt;&lt;p align='left'&gt;&lt;textformat leading='0' tabstops='[0, 48, 96, 144, 192, 240]' blockindent='48' indent='-24'&gt;&lt;font face='Arial' size='12.5pt' color='#444444'&gt;•	The Mission Profile Document&lt;/font&gt;&lt;/textformat&gt;&lt;/p&gt;&lt;p align='left'&gt;&lt;textformat leading='0' tabstops='[0, 48, 96, 144, 192, 240]' blockindent='48' indent='-24'&gt;&lt;font face='Arial' size='12.5pt' color='#444444'&gt;•	Main Life Cycle Phases and Stress Factors&lt;/font&gt;&lt;/textformat&gt;&lt;/p&gt;&lt;p align='left'&gt;&lt;textformat leading='0' tabstops='[0, 48, 96, 144, 192, 240]' blockindent='0' indent='0'&gt;&lt;font face='Arial' size='12.5pt' color='#444444'&gt;Here is the time required for you to complete each module.&lt;/font&gt;&lt;/textformat&gt;&lt;/p&gt;&lt;p align='left'&gt;&lt;textformat leading='0' tabstops='[0, 48, 96, 144, 192, 240]' blockindent='0' indent='0'&gt;&lt;font face='Arial' size='12.5pt' color='#444444'&gt;At the end of each module, you will be presented with an assessment which will test your understanding of the concepts learnt in the module.&lt;/font&gt;&lt;/textformat&gt;&lt;/p&gt;&lt;p align='left'&gt;&lt;textformat leading='0' tabstops='[0, 48, 96, 144, 192, 240]' blockindent='0' indent='0'&gt;&lt;font face='Arial' size='12.5pt' color='#444444'&gt;Now, please proceed to the Mission Profile Overview module under the same curriculum.&lt;/font&gt;&lt;/textformat&gt;&lt;/p&gt;&lt;p align='left'&gt;&lt;textformat leading='0' tabstops='[0, 48, 96, 144, 192, 240]' blockindent='0' indent='0'&gt;&lt;/textformat&gt;&lt;/p&gt;&lt;p align='left'&gt;&lt;textformat leading='0' tabstops='[0, 48, 96, 144, 192, 240]' blockindent='0' indent='0'&gt;&lt;/textformat&gt;&lt;/p&gt;&lt;p align='left'&gt;&lt;textformat leading='0' tabstops='[0, 48, 96, 144, 192, 240]' blockindent='0' indent='0'&gt; &lt;/textformat&gt;&lt;/p&gt;&lt;p align='left'&gt;&lt;textformat leading='0' tabstops='[0, 48, 96, 144, 192, 240]' blockindent='0' indent='0'&gt;&lt;/textformat&gt;&lt;/p&gt;&lt;p align='left'&gt;&lt;textformat leading='0' tabstops='[0, 48, 96, 144, 192, 240]' blockindent='48' indent='-24'&gt;&lt;/textformat&gt;&lt;/p&gt;&lt;p align='left'&gt;&lt;textformat leading='0' tabstops='[0, 48, 96, 144, 192, 240]' blockindent='48' indent='-24'&gt;&lt;/textformat&gt;&lt;/p&gt;&lt;p align='left'&gt;&lt;textformat leading='0' tabstops='[0, 48, 96, 144, 192, 240]' blockindent='48' indent='-24'&gt;&lt;/textformat&gt;&lt;/p&gt;&lt;p align='left'&gt;&lt;textformat leading='0' tabstops='[0, 48, 96, 144, 192, 240]' blockindent='48' indent='-24'&gt;&lt;/textformat&gt;&lt;/p&gt;&lt;p align='left'&gt;&lt;textformat leading='0' tabstops='[0, 7, 48, 96, 144, 192, 240]' blockindent='7' indent='-7'&gt;&lt;/textformat&gt;&lt;/p&gt;&lt;/html&gt;</slidetranscript></slidetranscripts></transcript_data><glossary_data /></bwFrame>