{"vehicles":[
  {
    "_id": "57e3e9bb50bfa3fbf422d05f",
    "index": 0,
    "picture": "http://placehold.it/32x32",
    "Year": 2003,
    "Price": 5908507,
    "Make": "Audi",
    "Model": "WagonR"
  },
  {
    "_id": "57e3e9bbab0358c593eaa3d9",
    "index": 1,
    "picture": "http://placehold.it/32x32",
    "Year": 2004,
    "Price": 7483662,
    "Make": "Benz",
    "Model": "Xcent"
  },
  {
    "_id": "57e3e9bbcd272cfde9179437",
    "index": 2,
    "picture": "http://placehold.it/32x32",
    "Year": 2017,
    "Price": 6333514,
    "Make": "Audi",
    "Model": "Beetel"
  },
  {
    "_id": "57e3e9bb8ee70a41292ba2b3",
    "index": 3,
    "picture": "http://placehold.it/32x32",
    "Year": 2012,
    "Price": 464795,
    "Make": "Benz",
    "Model": "Honda City"
  },
  {
    "_id": "57e3e9bbb1e741b28ffeee7a",
    "index": 4,
    "picture": "http://placehold.it/32x32",
    "Year": 2003,
    "Price": 7216756,
    "Make": "Skoda",
    "Model": "Honda City"
  },
  {
    "_id": "57e3e9bb0b0814929c13dd51",
    "index": 5,
    "picture": "http://placehold.it/32x32",
    "Year": 2007,
    "Price": 1793091,
    "Make": "Maruti",
    "Model": "Ciaz"
  },
  {
    "_id": "57e3e9bb67adc595cbe187ef",
    "index": 6,
    "picture": "http://placehold.it/32x32",
    "Year": 2016,
    "Price": 752361,
    "Make": "Skoda",
    "Model": "Honda City"
  },
  {
    "_id": "57e3e9bbf2b49c25b7059eab",
    "index": 7,
    "picture": "http://placehold.it/32x32",
    "Year": 2009,
    "Price": 881135,
    "Make": "Skoda",
    "Model": "Ertiga"
  },
  {
    "_id": "57e3e9bb79da5e59fcce16ca",
    "index": 8,
    "picture": "http://placehold.it/32x32",
    "Year": 2001,
    "Price": 2350270,
    "Make": "Audi",
    "Model": "WagonR"
  },
  {
    "_id": "57e3e9bb89dff28fcb3d5b29",
    "index": 9,
    "picture": "http://placehold.it/32x32",
    "Year": 2008,
    "Price": 8446782,
    "Make": "Audi",
    "Model": "Beetel"
  },
  {
    "_id": "57e3e9bb5cd3974b5a94ee99",
    "index": 10,
    "picture": "http://placehold.it/32x32",
    "Year": 2009,
    "Price": 3815780,
    "Make": "Honda",
    "Model": "Ertiga"
  },
  {
    "_id": "57e3e9bbe43d7b942d8b9b05",
    "index": 11,
    "picture": "http://placehold.it/32x32",
    "Year": 2004,
    "Price": 8975999,
    "Make": "Benz",
    "Model": "Xcent"
  },
  {
    "_id": "57e3e9bbd9845b6ba0133f72",
    "index": 12,
    "picture": "http://placehold.it/32x32",
    "Year": 2016,
    "Price": 7696317,
    "Make": "Benz",
    "Model": "Ertiga"
  },
  {
    "_id": "57e3e9bb1ffb2c55d28013f4",
    "index": 13,
    "picture": "http://placehold.it/32x32",
    "Year": 2017,
    "Price": 2406468,
    "Make": "Honda",
    "Model": "Xcent"
  },
  {
    "_id": "57e3e9bb271886a6601c8bc9",
    "index": 14,
    "picture": "http://placehold.it/32x32",
    "Year": 2000,
    "Price": 4739993,
    "Make": "Maruti",
    "Model": "Honda City"
  },
  {
    "_id": "57e3e9bb245152852ac56c23",
    "index": 15,
    "picture": "http://placehold.it/32x32",
    "Year": 2016,
    "Price": 9678116,
    "Make": "Audi",
    "Model": "Xcent"
  },
  {
    "_id": "57e3e9bb5f41b7ca3afe2561",
    "index": 16,
    "picture": "http://placehold.it/32x32",
    "Year": 2000,
    "Price": 1659641,
    "Make": "Skoda",
    "Model": "Ciaz"
  },
  {
    "_id": "57e3e9bbaf15f2feee3dc5e0",
    "index": 17,
    "picture": "http://placehold.it/32x32",
    "Year": 2002,
    "Price": 1313324,
    "Make": "Audi",
    "Model": "C2000"
  },
  {
    "_id": "57e3e9bb216fb0fd2f39a62b",
    "index": 18,
    "picture": "http://placehold.it/32x32",
    "Year": 2006,
    "Price": 3796521,
    "Make": "Hyundai",
    "Model": "Honda City"
  },
  {
    "_id": "57e3e9bbbfe34d85f023a4ef",
    "index": 19,
    "picture": "http://placehold.it/32x32",
    "Year": 2001,
    "Price": 3665426,
    "Make": "Honda",
    "Model": "i10"
  },
  {
    "_id": "57e3e9bbc4887cf0e79772fd",
    "index": 20,
    "picture": "http://placehold.it/32x32",
    "Year": 2007,
    "Price": 5510180,
    "Make": "Honda",
    "Model": "Beetel"
  },
  {
    "_id": "57e3e9bbb4a5b28881ca5842",
    "index": 21,
    "picture": "http://placehold.it/32x32",
    "Year": 2011,
    "Price": 3383499,
    "Make": "Audi",
    "Model": "Xcent"
  },
  {
    "_id": "57e3e9bba53f90aa50039808",
    "index": 22,
    "picture": "http://placehold.it/32x32",
    "Year": 2006,
    "Price": 4104224,
    "Make": "Audi",
    "Model": "WagonR"
  },
  {
    "_id": "57e3e9bbbb426278f4867e13",
    "index": 23,
    "picture": "http://placehold.it/32x32",
    "Year": 2002,
    "Price": 2879365,
    "Make": "Audi",
    "Model": "Ciaz"
  },
  {
    "_id": "57e3e9bbc2743273542a903c",
    "index": 24,
    "picture": "http://placehold.it/32x32",
    "Year": 2015,
    "Price": 4550580,
    "Make": "Skoda",
    "Model": "C2000"
  },
  {
    "_id": "57e3e9bb72f543d38644e43e",
    "index": 25,
    "picture": "http://placehold.it/32x32",
    "Year": 2008,
    "Price": 6377360,
    "Make": "Hyundai",
    "Model": "C2000"
  },
  {
    "_id": "57e3e9bb362325cde009b175",
    "index": 26,
    "picture": "http://placehold.it/32x32",
    "Year": 2008,
    "Price": 783826,
    "Make": "Skoda",
    "Model": "WagonR"
  },
  {
    "_id": "57e3e9bb025769a7371a9059",
    "index": 27,
    "picture": "http://placehold.it/32x32",
    "Year": 2009,
    "Price": 6579433,
    "Make": "Hyundai",
    "Model": "Beetel"
  },
  {
    "_id": "57e3e9bb23acf83f2b25e68e",
    "index": 28,
    "picture": "http://placehold.it/32x32",
    "Year": 2005,
    "Price": 5167309,
    "Make": "Audi",
    "Model": "Ertiga"
  },
  {
    "_id": "57e3e9bb0ee28cfb0cbb9193",
    "index": 29,
    "picture": "http://placehold.it/32x32",
    "Year": 2017,
    "Price": 9507261,
    "Make": "Audi",
    "Model": "Honda City"
  },
  {
    "_id": "57e3e9bb0298e45d8f424079",
    "index": 30,
    "picture": "http://placehold.it/32x32",
    "Year": 2001,
    "Price": 7899590,
    "Make": "Honda",
    "Model": "Ciaz"
  },
  {
    "_id": "57e3e9bb0077897832ef41e2",
    "index": 31,
    "picture": "http://placehold.it/32x32",
    "Year": 2017,
    "Price": 8992107,
    "Make": "Hyundai",
    "Model": "Beetel"
  },
  {
    "_id": "57e3e9bbce621038414174d8",
    "index": 32,
    "picture": "http://placehold.it/32x32",
    "Year": 2007,
    "Price": 4950442,
    "Make": "Audi",
    "Model": "Beetel"
  },
  {
    "_id": "57e3e9bb8d4578d01fe9065b",
    "index": 33,
    "picture": "http://placehold.it/32x32",
    "Year": 2003,
    "Price": 5628595,
    "Make": "Skoda",
    "Model": "WagonR"
  },
  {
    "_id": "57e3e9bbf62d9dd73c7c7603",
    "index": 34,
    "picture": "http://placehold.it/32x32",
    "Year": 2013,
    "Price": 2930653,
    "Make": "Audi",
    "Model": "Honda City"
  },
  {
    "_id": "57e3e9bbece6462c30b966e8",
    "index": 35,
    "picture": "http://placehold.it/32x32",
    "Year": 2005,
    "Price": 4146916,
    "Make": "Hyundai",
    "Model": "Xcent"
  },
  {
    "_id": "57e3e9bbf8fb8e7c04fa1b53",
    "index": 36,
    "picture": "http://placehold.it/32x32",
    "Year": 2000,
    "Price": 5477263,
    "Make": "Audi",
    "Model": "Honda City"
  },
  {
    "_id": "57e3e9bb86856d5ba5c300b9",
    "index": 37,
    "picture": "http://placehold.it/32x32",
    "Year": 2000,
    "Price": 4108433,
    "Make": "Honda",
    "Model": "Ciaz"
  },
  {
    "_id": "57e3e9bb0a188c208a7def05",
    "index": 38,
    "picture": "http://placehold.it/32x32",
    "Year": 2014,
    "Price": 5297266,
    "Make": "Honda",
    "Model": "C2000"
  },
  {
    "_id": "57e3e9bb10f796b39de765d5",
    "index": 39,
    "picture": "http://placehold.it/32x32",
    "Year": 2002,
    "Price": 681832,
    "Make": "Hyundai",
    "Model": "Xcent"
  },
  {
    "_id": "57e3e9bbe22b8e85ad370151",
    "index": 40,
    "picture": "http://placehold.it/32x32",
    "Year": 2007,
    "Price": 6372747,
    "Make": "Skoda",
    "Model": "Honda City"
  },
  {
    "_id": "57e3e9bb84fda603d31b7d41",
    "index": 41,
    "picture": "http://placehold.it/32x32",
    "Year": 2009,
    "Price": 7878338,
    "Make": "Hyundai",
    "Model": "Ciaz"
  },
  {
    "_id": "57e3e9bb8c25e5cd6e78cc9d",
    "index": 42,
    "picture": "http://placehold.it/32x32",
    "Year": 2012,
    "Price": 862555,
    "Make": "Audi",
    "Model": "WagonR"
  },
  {
    "_id": "57e3e9bba72415339c64b86d",
    "index": 43,
    "picture": "http://placehold.it/32x32",
    "Year": 2004,
    "Price": 9570187,
    "Make": "Audi",
    "Model": "WagonR"
  },
  {
    "_id": "57e3e9bbf6942096f4fcf616",
    "index": 44,
    "picture": "http://placehold.it/32x32",
    "Year": 2002,
    "Price": 2000321,
    "Make": "Skoda",
    "Model": "C2000"
  },
  {
    "_id": "57e3e9bb1a22eca000d235bf",
    "index": 45,
    "picture": "http://placehold.it/32x32",
    "Year": 2014,
    "Price": 1189028,
    "Make": "Audi",
    "Model": "Xcent"
  },
  {
    "_id": "57e3e9bbf4c6116f1c2bb804",
    "index": 46,
    "picture": "http://placehold.it/32x32",
    "Year": 2005,
    "Price": 5972829,
    "Make": "Skoda",
    "Model": "Honda City"
  },
  {
    "_id": "57e3e9bb432db32cc02ee98c",
    "index": 47,
    "picture": "http://placehold.it/32x32",
    "Year": 2015,
    "Price": 6205059,
    "Make": "Skoda",
    "Model": "i10"
  },
  {
    "_id": "57e3e9bb0c8f56b848b03879",
    "index": 48,
    "picture": "http://placehold.it/32x32",
    "Year": 2007,
    "Price": 4724154,
    "Make": "Benz",
    "Model": "Beetel"
  },
  {
    "_id": "57e3e9bb0e9c75a3ed09bf2c",
    "index": 49,
    "picture": "http://placehold.it/32x32",
    "Year": 2009,
    "Price": 1750821,
    "Make": "Honda",
    "Model": "WagonR"
  },
  {
    "_id": "57e3e9bb30e709de927aa216",
    "index": 50,
    "picture": "http://placehold.it/32x32",
    "Year": 2004,
    "Price": 3447912,
    "Make": "Hyundai",
    "Model": "Xcent"
  },
  {
    "_id": "57e3e9bb9e18fc33f98c4c24",
    "index": 51,
    "picture": "http://placehold.it/32x32",
    "Year": 2001,
    "Price": 9914368,
    "Make": "Benz",
    "Model": "Beetel"
  },
  {
    "_id": "57e3e9bbe1ac2b0704a1715d",
    "index": 52,
    "picture": "http://placehold.it/32x32",
    "Year": 2013,
    "Price": 438925,
    "Make": "Audi",
    "Model": "WagonR"
  },
  {
    "_id": "57e3e9bb76f53b1ccded877f",
    "index": 53,
    "picture": "http://placehold.it/32x32",
    "Year": 2004,
    "Price": 7089966,
    "Make": "Honda",
    "Model": "C2000"
  },
  {
    "_id": "57e3e9bb547c11dfe0cf171d",
    "index": 54,
    "picture": "http://placehold.it/32x32",
    "Year": 2017,
    "Price": 3548359,
    "Make": "Benz",
    "Model": "i10"
  },
  {
    "_id": "57e3e9bbfcc3ded4b1715224",
    "index": 55,
    "picture": "http://placehold.it/32x32",
    "Year": 2010,
    "Price": 1686525,
    "Make": "Audi",
    "Model": "Honda City"
  },
  {
    "_id": "57e3e9bbc54c2ce0ce57c59f",
    "index": 56,
    "picture": "http://placehold.it/32x32",
    "Year": 2000,
    "Price": 6612784,
    "Make": "Skoda",
    "Model": "i10"
  },
  {
    "_id": "57e3e9bb345f2f56a4f61629",
    "index": 57,
    "picture": "http://placehold.it/32x32",
    "Year": 2008,
    "Price": 8790196,
    "Make": "Hyundai",
    "Model": "i10"
  },
  {
    "_id": "57e3e9bbe03d15e365a77b1a",
    "index": 58,
    "picture": "http://placehold.it/32x32",
    "Year": 2017,
    "Price": 523812,
    "Make": "Audi",
    "Model": "Ertiga"
  },
  {
    "_id": "57e3e9bb946a2455c3dc9237",
    "index": 59,
    "picture": "http://placehold.it/32x32",
    "Year": 2009,
    "Price": 3615992,
    "Make": "Hyundai",
    "Model": "WagonR"
  },
  {
    "_id": "57e3e9bb3a22bf2d5e131a50",
    "index": 60,
    "picture": "http://placehold.it/32x32",
    "Year": 2005,
    "Price": 5366651,
    "Make": "Maruti",
    "Model": "Honda City"
  },
  {
    "_id": "57e3e9bb677f8a7c3bf6c356",
    "index": 61,
    "picture": "http://placehold.it/32x32",
    "Year": 2011,
    "Price": 511635,
    "Make": "Skoda",
    "Model": "Ciaz"
  },
  {
    "_id": "57e3e9bbbd8fb6da15e4c3ea",
    "index": 62,
    "picture": "http://placehold.it/32x32",
    "Year": 2015,
    "Price": 9688633,
    "Make": "Benz",
    "Model": "C2000"
  },
  {
    "_id": "57e3e9bb41cae8a93265b368",
    "index": 63,
    "picture": "http://placehold.it/32x32",
    "Year": 2007,
    "Price": 2066786,
    "Make": "Skoda",
    "Model": "Beetel"
  },
  {
    "_id": "57e3e9bbec26a39857ce2ad5",
    "index": 64,
    "picture": "http://placehold.it/32x32",
    "Year": 2002,
    "Price": 7856904,
    "Make": "Benz",
    "Model": "Beetel"
  },
  {
    "_id": "57e3e9bb4e8fffd195ae9721",
    "index": 65,
    "picture": "http://placehold.it/32x32",
    "Year": 2015,
    "Price": 3636917,
    "Make": "Maruti",
    "Model": "Ciaz"
  },
  {
    "_id": "57e3e9bbfa1b906cf2691680",
    "index": 66,
    "picture": "http://placehold.it/32x32",
    "Year": 2005,
    "Price": 5952081,
    "Make": "Audi",
    "Model": "Ciaz"
  },
  {
    "_id": "57e3e9bbb93f5759d50d3efd",
    "index": 67,
    "picture": "http://placehold.it/32x32",
    "Year": 2005,
    "Price": 497605,
    "Make": "Skoda",
    "Model": "Xcent"
  },
  {
    "_id": "57e3e9bb216faa3314720e9c",
    "index": 68,
    "picture": "http://placehold.it/32x32",
    "Year": 2008,
    "Price": 1654458,
    "Make": "Honda",
    "Model": "i10"
  },
  {
    "_id": "57e3e9bbabd34728974040aa",
    "index": 69,
    "picture": "http://placehold.it/32x32",
    "Year": 2013,
    "Price": 6204615,
    "Make": "Maruti",
    "Model": "Honda City"
  },
  {
    "_id": "57e3e9bb3562627861d7d503",
    "index": 70,
    "picture": "http://placehold.it/32x32",
    "Year": 2010,
    "Price": 6756381,
    "Make": "Honda",
    "Model": "Ertiga"
  },
  {
    "_id": "57e3e9bbc8327f271caed45c",
    "index": 71,
    "picture": "http://placehold.it/32x32",
    "Year": 2013,
    "Price": 8071620,
    "Make": "Skoda",
    "Model": "Beetel"
  },
  {
    "_id": "57e3e9bbad75f8780dca7378",
    "index": 72,
    "picture": "http://placehold.it/32x32",
    "Year": 2014,
    "Price": 8392704,
    "Make": "Hyundai",
    "Model": "Ertiga"
  },
  {
    "_id": "57e3e9bbd370363dc3d46dd1",
    "index": 73,
    "picture": "http://placehold.it/32x32",
    "Year": 2003,
    "Price": 7075003,
    "Make": "Benz",
    "Model": "Ertiga"
  },
  {
    "_id": "57e3e9bb0db4f55e35ca6a5a",
    "index": 74,
    "picture": "http://placehold.it/32x32",
    "Year": 2002,
    "Price": 1129826,
    "Make": "Benz",
    "Model": "Honda City"
  },
  {
    "_id": "57e3e9bb27d5b6cabec988b5",
    "index": 75,
    "picture": "http://placehold.it/32x32",
    "Year": 2003,
    "Price": 9473775,
    "Make": "Skoda",
    "Model": "Beetel"
  },
  {
    "_id": "57e3e9bb61a6dc4894a45b2a",
    "index": 76,
    "picture": "http://placehold.it/32x32",
    "Year": 2015,
    "Price": 3518499,
    "Make": "Hyundai",
    "Model": "i10"
  },
  {
    "_id": "57e3e9bba683fd9ba683edee",
    "index": 77,
    "picture": "http://placehold.it/32x32",
    "Year": 2006,
    "Price": 8402254,
    "Make": "Audi",
    "Model": "i10"
  },
  {
    "_id": "57e3e9bbb86958a3bf415cb6",
    "index": 78,
    "picture": "http://placehold.it/32x32",
    "Year": 2002,
    "Price": 6768629,
    "Make": "Maruti",
    "Model": "WagonR"
  },
  {
    "_id": "57e3e9bbc4e3c6e6e7ce9d2d",
    "index": 79,
    "picture": "http://placehold.it/32x32",
    "Year": 2003,
    "Price": 7645302,
    "Make": "Maruti",
    "Model": "WagonR"
  },
  {
    "_id": "57e3e9bba3087c6432b48e2c",
    "index": 80,
    "picture": "http://placehold.it/32x32",
    "Year": 2003,
    "Price": 2712187,
    "Make": "Audi",
    "Model": "Honda City"
  },
  {
    "_id": "57e3e9bbd4280a2c1a6e2b31",
    "index": 81,
    "picture": "http://placehold.it/32x32",
    "Year": 2010,
    "Price": 5026613,
    "Make": "Benz",
    "Model": "i10"
  },
  {
    "_id": "57e3e9bb5b8ab47413846be6",
    "index": 82,
    "picture": "http://placehold.it/32x32",
    "Year": 2001,
    "Price": 9587010,
    "Make": "Honda",
    "Model": "Beetel"
  },
  {
    "_id": "57e3e9bbb4de6d2a3003ce06",
    "index": 83,
    "picture": "http://placehold.it/32x32",
    "Year": 2017,
    "Price": 1486955,
    "Make": "Benz",
    "Model": "WagonR"
  },
  {
    "_id": "57e3e9bb72c12b37e4a0d5f0",
    "index": 84,
    "picture": "http://placehold.it/32x32",
    "Year": 2017,
    "Price": 9160095,
    "Make": "Audi",
    "Model": "Xcent"
  },
  {
    "_id": "57e3e9bb27db99e1632842e5",
    "index": 85,
    "picture": "http://placehold.it/32x32",
    "Year": 2008,
    "Price": 3230062,
    "Make": "Maruti",
    "Model": "Beetel"
  },
  {
    "_id": "57e3e9bb39cf9d1a4f6b14f1",
    "index": 86,
    "picture": "http://placehold.it/32x32",
    "Year": 2013,
    "Price": 8740007,
    "Make": "Audi",
    "Model": "Honda City"
  },
  {
    "_id": "57e3e9bb45671414e4292e2c",
    "index": 87,
    "picture": "http://placehold.it/32x32",
    "Year": 2016,
    "Price": 7694927,
    "Make": "Honda",
    "Model": "Honda City"
  }
]}