<?xml version="1.0" standalone="no" ?>
<!-- created with "Manifest Maker for ADL SCORM 1.2 Version 2.0.0" for Dreamweaver,
 on Wed Aug 29 2012 12:51:56 GMT+0530 (India Standard Time) -->

<manifest identifier="GIM-MANIFEST" version="1.0"
			xmlns="http://www.imsproject.org/xsd/imscp_rootv1p1p2"
			xmlns:adlcp="http://www.adlnet.org/xsd/adlcp_rootv1p2"
			xmlns:xsi="http://www.w3.org/2001/XMLSchema-instance"
			xsi:schemaLocation="http://www.imsproject.org/xsd/imscp_rootv1p1p2 imscp_rootv1p1p2.xsd
			http://www.imsglobal.org/xsd/imsmd_rootv1p2p1 imsmd_rootv1p2p1.xsd
			http://www.adlnet.org/xsd/adlcp_rootv1p2 adlcp_rootv1p2.xsd" >
			
	<metadata>
		<schema>ADL SCORM</schema>
		<schemaversion>1.2</schemaversion>
		<adlcp:location>imsmetadata.xml</adlcp:location>
	</metadata>
	
	<organizations default="TOC1">
		<organization identifier="TOC1">
			<title>Global Inventory Management - Module 1</title >
			<item identifier="I_SCO0" identifierref="SCO0">
				<title>Global Inventory Management - Module 1</title >
			</item>
		</organization>
	</organizations>
	
	<resources>
		<resource identifier="SCO0" type="webcontent" adlcp:scormtype="sco" href="scorm.html">
			<file href="scorm.html" />
			<dependency identifierref="ALLRESOURCES" />
		</resource>
		
		<resource identifier="ALLRESOURCES" type="webcontent" adlcp:scormtype="asset">
			<file href="course.html" />
			<file href="DemoError.html" />
			<file href="Error.html" />
			<file href="scorm.html" />
			
			<file href="Assessment.swf" />
			<file href="instructionText.swf" />
			<file href="SimulationPlayer.swf" />

			<file href="Scripts/SCORM_API_wrapper.js" />
			<file href="Scripts/expressInstall.swf" />
			<file href="Scripts/swfobject_modified.js" />

			<!--file href="content/CA01t00.swf" /-->
			
			<file href="xml/courseContent.xml" />
		</resource>
	</resources>
</manifest>